sample,pressure_kPa,output_mV,healthy_model_mV,label
0,72.44438068238917,104.12465097098588,104.33988308527681,normal
1,73.58191352057493,105.81293154646492,105.93860608790648,normal
2,74.64917753666232,107.21612019546028,107.43855492167401,normal
3,75.64299252285299,109.07555641643397,108.8352630439035,normal
4,76.5603971330118,110.10092525275583,110.12457154006245,normal
5,77.39865770681526,111.61765526606379,111.30264146822994,normal
6,78.15527641544715,111.5868194371893,112.36596525027134,normal
7,78.8279987045692,113.9721000418677,113.31137707670545,normal
8,79.41482001238809,114.0953901221675,114.13606229517868,normal
9,79.91399174280089,115.12452884039214,114.83756575546296,normal
10,80.32402647581978,115.35619953142643,115.4137990869486,normal
11,80.64370239975068,115.70315456047653,115.86304688771959,normal
12,80.87206695191844,116.3792976869443,116.18397180745227,normal
13,81.0084396570904,116.72337341610773,116.37561850957405,normal
14,81.05241415514016,116.35199551805712,116.43741650134197,normal
15,81.0038594119098,116.30474122759726,116.36918182374791,normal
16,80.86292010966234,116.46032456313522,116.17111759642049,normal
17,80.63001621596092,115.47673001649953,115.84381341596716,normal
18,80.30584173225964,114.74952238027545,115.3882436094757,normal
19,79.89136262593442,114.97235576986616,114.80576434816514,normal
20,79.38781395191671,113.81528521534366,114.0981096294437,normal
21,78.79669617250622,112.45744447007804,113.26738613887007,normal
22,78.11977068632923,111.97272375479471,112.31606700674443,normal
23,77.35905457976511,111.04976594781951,111.24698447724163,normal
24,76.51681461648059,109.56006473954598,110.06332151115797,normal
25,75.59556048298145,108.1391261508776,108.76860234644951,normal
26,74.59803731030883,107.38213477278252,107.36668204379825,normal
27,73.52721749416328,106.24016768800901,105.86173504743674,normal
28,72.38629183783117,104.15991472422974,104.25824279438767,normal
29,71.17866004430532,102.24735405863933,102.5609804081248,normal
30,69.9079205859313,100.93738127756941,100.77500251541832,normal
31,68.57785998176557,99.20813663155822,98.905628227796,normal
32,67.1924415145966,96.83188992114647,96.95842533160723,normal
33,65.7557934212494,95.16891816614846,94.93919373312086,normal
34,64.27219659136435,93.29380158976642,92.8539482074068,normal
35,62.746071811304425,90.62161252699336,90.70890050193509,normal
36,61.18196659120173,88.16732455950961,88.51044084786568,normal
37,59.584541614395604,86.41174745769071,86.26511893389281,normal
38,57.95855684963977,84.08403171716816,83.9796243992322,normal
39,56.308857367461236,82.12421294670884,81.66076690389784,normal
40,54.640358902935,78.77365845618655,79.31545583579607,normal
41,52.95803320789423,76.67163136130006,76.9506797153598,normal
42,51.26689323622297,74.21997184711962,74.57348535945269,normal
43,49.57197820637605,71.45960177023424,72.19095686708279,normal
44,47.87833858563637,69.86352076727748,69.81019449007634,normal
45,46.19102104085328,67.66090533000724,67.43829345226851,normal
46,44.51505340050535,64.77072345631771,65.08232278096858,normal
47,42.85542967289726,63.33372830549528,62.749304214451506,normal
48,41.217095165133294,60.79285411302752,60.446191249012024,normal
49,39.60493174720941,58.444456841408815,58.179848388698,normal
50,38.023743305133785,56.12645858028127,55.957030660212524,normal
51,36.478241426422144,54.18743601678868,53.78436345464714,normal
52,34.973031360621896,51.10653388465125,51.66832275668178,normal
53,33.51259829669967,49.87415281053482,49.61521582066822,normal
54,32.101293998182456,47.885395416810894,47.63116235160695,normal
55,30.743323835876645,44.9765059347079,45.72207624743968,normal
56,29.442734256804783,44.04001477444758,43.89364795731869,normal
57,28.2034007266993,42.04570734698705,42.15132750858711,normal
58,27.02901618198248,40.82993092521527,40.50030825312035,normal
59,25.923080025642832,38.76032820988321,38.945511381445954,normal
60,24.888887699797596,37.48387780778417,37.49157125068723,normal
61,23.92952086601327,36.287425986150176,36.14282156987469,normal
62,23.04783822264408,34.533701765348574,34.90328248354626,normal
63,22.24646698655091,34.029118581083644,33.776648591824745,normal
64,26.743253047558785,40.55669147418485,40.098564465291815,normal
65,31.452628288438984,46.97450070170609,46.71924478362165,normal
66,36.565916573350506,53.832532079117854,53.907617658389526,normal
67,41.97176391272073,61.773621078672484,61.507080634203724,normal
68,47.552445149132765,69.88340725009068,69.35208056621454,normal
69,53.1864277020667,78.02718988479114,77.27172614467784,normal
70,58.7510182283166,84.42982980868308,85.0935168015033,normal
71,64.1250345607701,93.01958386635624,92.64710553779844,normal
72,69.19144473774163,99.96416436683714,99.76801251449058,normal
73,73.83991565173133,106.2616199552673,106.30120759786021,normal
74,77.96921581473326,111.67990251065092,112.10448338007868,normal
75,81.48941991417509,117.58178954235035,117.05154535086545,normal
76,84.32386715005082,120.50258968166683,121.03475266423753,normal
77,86.41083070580694,124.20657154309959,123.96745106676624,normal
78,87.70486199629102,126.33493736427297,125.78584875841972,normal
79,88.17778041857233,125.77570378293207,126.45039598042403,normal
80,87.81928705146179,125.81904684035842,125.9466397297767,normal
81,86.63718893896686,123.73334786920417,124.28553598596139,normal
82,84.65722907337701,121.60614768857111,121.50321303596036,normal
83,81.92252578050189,118.29890845612306,117.66019075842529,normal
84,78.49263371577865,113.69354677057522,112.84007194658,normal
85,74.4422469202879,106.39777779913958,107.14773277409729,normal
86,69.85957218071158,100.46455404919317,100.70705017699485,normal
87,64.84440811718044,93.95494811559311,93.65821404149439,normal
88,59.50597183143383,86.82081310992021,86.15468142053993,normal
89,53.960520445185516,78.53749221921147,78.35983828954124,normal
90,48.328819325344696,70.12873694279834,70.4434413224334,normal
91,42.73351213149647,62.70323865915627,62.57791756142764,normal
92,37.29644995910076,54.92759396764487,54.93460344473746,normal
93,32.13603774265672,47.594074601178846,47.68000628514217,normal
94,27.36465570720202,40.66239314906815,40.972170878236724,normal
95,23.086212022160655,35.12056594253107,34.95723147228213,normal
96,19.393879954312325,29.896079278484784,29.766224949701126,normal
97,16.368068798746954,25.47301703071579,25.512234927711724,normal
98,14.074672775600725,22.19442753449761,22.287928812737626,normal
99,12.563636027002474,19.621601895572045,20.163540901994573,normal
100,11.867864964828804,18.980290470610797,19.18534468505429,normal
101,12.002511655477136,19.88349085205891,19.374646814104153,normal
102,12.964643847654187,20.646952295956183,20.727324014057857,normal
103,14.733308829107997,22.606691842053998,23.21391269306126,normal
104,17.269989721671607,27.343077043528446,26.780249366223963,normal
105,20.519444277710964,31.57229831975403,31.348648383873154,normal
106,24.41090791119303,37.70871947289496,36.819592026071255,normal
107,28.859634764516827,43.100262715662396,43.073896970409976,normal
108,33.76874325072045,49.7807125878827,49.97531067003283,normal
109,39.031325880000104,56.762908715962766,57.37348153266926,normal
110,44.532777424061564,65.66559327720373,65.10723823113634,normal
111,50.153290716999756,74.09184863031437,73.00810627048438,normal
112,55.77046574071634,80.55773877601109,80.903984341223,normal
113,61.26197517584938,88.34997719131415,88.62289921664387,normal
114,66.50822836951481,96.2482105876493,95.99675615659855,normal
115,71.39497570563921,102.5147874012939,102.86500203045571,normal
116,75.8157966615394,108.96400729991336,109.07812064855317,normal
117,79.6744173674087,114.35333300946623,114.50088398638697,normal
118,82.88680719835273,119.0962513773117,119.01528891559379,normal
119,85.38300874070615,122.98487783939699,122.52311648225266,normal
120,87.10866128076952,124.95736687165015,124.94805942872514,normal
121,88.02618463838385,126.62494179754317,126.23737326919152,normal
122,88.11559756455563,126.1859200921128,126.36301654827476,normal
123,87.37495288058224,125.46051223901641,125.32225671579431,normal
124,85.82037988249022,122.23589017277493,123.1377291544306,normal
125,83.48573308732878,119.24540384053587,119.85694814830812,normal
126,80.42185497070237,115.88697208742062,115.55127984563876,normal
127,76.69546875118205,110.06549122132483,110.31439841599412,normal
128,43.211246949288515,63.59191441989118,63.249496785747624,normal
129,43.6608078682504,64.31040489311192,63.88146865360331,normal
130,44.122114349895895,64.48285057001378,64.52995016493972,normal
131,44.594311663198724,64.89922403424201,65.19373963429153,normal
132,45.07652489807142,65.5630576170919,65.87160701728666,normal
133,45.56786058644119,66.35645399519218,66.56229619082946,normal
134,46.067408357710875,66.78799948086976,67.26452728159563,normal
135,46.57424262553778,67.74610386775598,67.97699903851566,normal
136,47.087424302804926,68.65934841439531,68.69839124484065,normal
137,47.606002541607225,69.53348949042172,69.42736716531178,normal
138,48.12901649502861,70.01964212275713,70.16257602388896,normal
139,48.655497097445775,70.0913041674627,70.90265550743777,normal
140,49.184468860060015,71.6157475233796,71.64623429072523,normal
141,49.71495167833017,72.48697862581608,72.39193457803658,normal
142,50.24596264795786,73.59577371257461,73.13837465669356,normal
143,50.77651788606024,74.12789699806727,73.88417145773435,normal
144,51.305634354155956,74.35650865639246,74.62794311900183,normal
145,51.83233167958651,75.06304445005826,75.36831154588313,normal
146,52.355633971998266,76.95191428211022,76.10390496494946,normal
147,52.87457163151948,77.15248750514958,76.83336046575786,normal
148,53.388183145281914,78.32777253591549,77.55532652610154,normal
149,53.895516868958595,79.16660091247076,78.26846551602523,normal
150,54.395632790016506,78.62641319059433,78.97145617596452,normal
151,54.887604269417466,79.82549102141799,79.66299606441572,normal
152,55.37051975853985,80.53504497711587,80.34180397060236,normal
153,55.84348448814013,81.24264982412093,81.00662228766957,normal
154,56.3056221262247,81.88477733580041,81.65621934201239,normal
155,56.75607640176031,82.3746122184546,82.28939167442742,normal
156,57.194012691214596,82.97840872558527,82.90496626886748,normal
157,57.618619564987014,82.86809362332711,83.50180272467728,normal
158,58.02911029086498,84.00903414415704,84.07879536829499,normal
159,58.42472429171948,84.31955188789975,84.63487530051725,normal
160,58.80472855473927,85.22219219335648,85.16901237554609,normal
161,59.16841898959255,85.48302021503888,85.68021710816402,normal
162,59.51512173299971,86.4284158797287,86.1675425055172,normal
163,59.84419439729989,86.9755472193078,86.63008582012735,normal
164,60.155027260698,87.19718733829905,87.06699022089968,normal
165,60.44704439698683,87.61079655439802,87.47744637904691,normal
166,60.71970474265109,87.899896070833,87.86069396600614,normal
167,60.9725030993761,88.02715543233076,88.21602306059094,normal
168,61.20497107010377,88.4733937972853,88.54277546278605,normal
169,61.41667792690136,88.6312973702167,88.84034591176761,normal
170,61.60723140903511,89.2718244623164,89.10818320590752,normal
171,61.77627844976994,89.3517438336069,89.34579122270108,normal
172,61.923505830548635,89.79790090997771,89.55272983674303,normal
173,62.04864076133838,89.16823199991228,89.728615734064,normal
174,62.15145138606935,90.2475614634096,89.87312312133069,normal
175,62.231747212228896,89.66430208846904,89.98598432860662,normal
176,62.289379463815315,89.75729225289037,90.06699030456538,normal
177,62.32424135699725,90.0327155147886,90.11599100324786,normal
178,62.33626829796791,89.89527705612429,90.13289566165194,normal
179,62.325438002627685,90.24046078345414,90.11767296764549,normal
180,62.29177053787312,89.82818575430959,90.07035111789392,normal
181,62.23532828441607,89.53994443190311,89.99101776569628,normal
182,62.156215821201634,89.52308577654175,89.87981985882523,normal
183,62.05457973163925,90.29031831385058,89.7369633676693,normal
184,61.930608332005825,89.5813797306437,89.56271290417611,normal
185,61.78453132252422,88.86496221620492,89.35739123229686,normal
186,61.61661936176351,89.12491200650331,89.1213786708312,normal
187,61.427183565149676,88.1988611798737,88.85511238976976,normal
188,61.21657492851585,89.31387073268856,88.55908560142734,normal
189,60.98518367776019,87.59086779736342,88.23384664785324,normal
190,60.733438545816455,88.08192141922477,87.87999798619694,normal
191,60.46180597827677,87.72747996222034,87.49819507389448,normal
192,24.67976723112384,37.3947835445181,37.19757440922997,normal
193,26.809852153148373,40.302282495613916,40.19219371360262,normal
194,29.197736419798918,43.94951805604612,43.54921773745511,normal
195,31.816874491001737,47.299180175266905,47.23131549568155,normal
196,34.63815003327329,51.33943492067026,51.197540893823586,normal
197,37.63019959905771,55.350345236922294,55.403788340683434,normal
198,40.759761286695685,60.06976021499481,59.80328363958176,normal
199,43.99204450505479,63.950057274944825,64.34710467951014,normal
200,47.291116732236404,69.31866793066,68.9847260984242,normal
201,50.62030296885471,73.45146088180185,73.66458180921748,normal
202,53.94259344526066,77.87463441316275,78.33463906941816,normal
203,57.221055050327514,83.0970286215207,82.94297764208257,normal
204,60.41924190804144,88.15240506635554,87.43836754007096,normal
205,63.5016005376159,92.17644569778919,91.77083886973747,normal
206,66.43386509306082,95.67475186709851,95.89223739233815,normal
207,69.18343828842288,100.05118008898546,99.75675959995117,normal
208,71.71975377404164,103.12988966369528,103.32146135379067,normal
209,74.0146159353709,106.49442679030915,106.54673445165976,normal
210,76.04251333690347,109.43450628692268,109.39674587214323,normal
211,77.78090232671714,110.862502212985,111.83983487949725,normal
212,79.2104576488783,113.92968098000854,113.84886365819101,normal
213,80.31528727770457,114.96725960986045,115.40151767266774,normal
214,81.08310908562544,116.18641083473241,116.48055250923635,normal
215,81.50538738066604,116.45213119614179,117.07398454645643,normal
216,81.57742779569986,116.53558495367797,117.17522341174445,normal
217,81.29842947460884,116.38530437073089,116.78314480943425,normal
218,80.67149397520984,116.25031495089,115.90210294384015,normal
219,79.70359078997596,115.2445683327671,114.54188240497645,normal
220,78.40547986785025,112.70695927817304,112.71759002967188,normal
221,76.7915919984588,110.90997233702099,110.44948789209869,normal
222,74.87986838846308,107.65143014536247,107.76276921029812,normal
223,72.69156121344281,103.88086717586641,104.68727957394131,normal
224,70.25099736252724,101.32041679905193,101.25718649772679,normal
225,67.5853080021686,97.69856185778343,97.51060087846477,normal
226,64.7241269654332,93.30837695651567,93.48915447557593,normal
227,61.69926131974458,89.36500709280064,89.2375380376406,normal
228,58.544337775298395,85.04449208947334,84.80300515478459,normal
229,55.29442886494242,79.87068808302182,80.23484732111505,normal
230,51.98566305119092,74.96096201282262,75.58384603645129,normal
231,48.654823094720406,70.80838973080711,70.90170805612213,normal
232,45.33893714918925,66.15147114427647,66.24049010637226,normal
233,42.07486712808154,61.50327682322723,61.65201951680017,normal
234,38.898898919603326,57.60370814402233,57.18731727742908,normal
235,35.84633900511501,53.62383124570043,52.89603000516259,normal
236,32.951121965395636,48.65014807279221,48.8258772027078,normal
237,30.24543323799907,45.316889320115436,45.02212001431151,normal
238,27.759351319418357,41.92391375840565,41.52705743003135,normal
239,25.520513389611533,38.68034340981154,38.37955556819645,normal
240,23.553808076061255,36.0564133627042,35.61461527969725,normal
241,21.881098772837053,33.09881152221241,33.262982874043345,normal
242,20.52098059045599,31.66283625364312,31.350808272517995,normal
243,19.48857363847277,30.753219698729296,29.899354355254708,normal
244,18.79535493882639,29.26372255684634,28.924760693693226,normal
245,18.44903083852387,28.17641182505348,28.437864254513066,normal
246,18.453451340017793,28.700393810079575,28.44407903236983,normal
247,18.80856730164698,29.475769807421386,28.943335922840912,normal
248,19.51043098393264,30.08571076249018,29.930083489860685,normal
249,20.551239935656913,31.155724219730335,31.393349619297858,normal
250,21.919423731852802,33.967688178394646,33.31686338776923,normal
251,23.599772599459932,35.15212182018482,35.679235818869934,normal
252,25.5736065007453,38.66652703524801,38.45419755343711,normal
253,27.81898279482925,41.604068463378596,41.610890832204724,normal
254,30.310940168792182,44.610760428995754,45.11421258451712,normal
255,33.02177612663952,49.43953189277753,48.925204842247204,normal
256,63.47304002671535,91.54865955209205,91.73069557916072,normal
257,63.88734408040114,91.51048189453945,92.31302062268703,normal
258,64.2588957245641,92.54469389045066,92.83525326818662,normal
259,64.586551131561,93.40694442632517,93.29578638472543,normal
260,64.86930160901257,93.96132301430296,93.69320273438181,normal
261,65.10627670507898,94.09610960423474,94.02627932712502,normal
262,65.29674688815975,94.31304041637897,94.29399117855853,normal
263,65.4401257927683,94.69374205093621,94.49551445909127,normal
264,65.53597202466744,94.54124567638901,94.63022902495763,normal
265,65.58399051970859,95.1941242326307,94.69772032338933,normal
266,65.58403345219139,94.76047322455308,94.69778066614677,normal
267,65.53610068994752,94.75437710227389,94.63040986753983,normal
268,65.44033979474753,94.7239079281126,94.49581524499816,normal
269,65.29704556802966,93.8485290906559,94.29441098218979,normal
270,65.10665914334882,93.72768637803085,94.02681685662348,normal
271,64.86976662834005,94.33856484453939,93.69385633560248,normal
272,64.58709730037674,93.43797712596748,93.29655404631745,normal
273,64.25952136147872,92.71693370050001,92.8361326277731,normal
274,63.88804725938145,92.4580364141592,92.3140089741239,normal
275,63.47381858301367,91.52865616655174,91.73178988085245,normal
276,63.01811054194071,91.20875795520354,91.09126710704615,normal
277,62.52232604061152,90.11356756637502,90.39441186881504,normal
278,61.9879913594951,89.75978518233345,89.64336878063673,normal
279,61.41675145640174,88.1750219713775,88.84044926310816,normal
280,60.81036490245428,88.54946621391828,87.98812443722665,normal
281,60.17069846829897,86.87266738695062,87.08901752690505,normal
282,59.49972137722233,85.47897600775377,86.14589579294575,normal
283,58.79949924286596,85.06725235613885,85.16166202314898,normal
284,58.072187710202115,83.9828706133449,84.13934560461043,normal
285,57.32002581934639,83.14637025626743,83.0820932055621,normal
286,56.54532911263714,81.51012697379527,81.99315909533081,normal
287,55.75048250620156,81.04353411909887,80.87589513212012,normal
288,54.93793294795346,81.26205187266099,79.73374044936435,normal
289,54.110181884625284,78.0309074420661,78.57021087235272,normal
290,53.269777561024476,77.53132632887205,77.38888809767155,normal
291,52.41930717522141,76.06235683965515,76.193408668766,normal
292,51.56138891381896,75.06868914376801,74.98745278156854,normal
293,50.69866389182345,73.01056661711573,73.77473295468617,normal
294,49.83378802193008,72.07352159840774,72.55898259907177,normal
295,48.96942383825353,71.53781503318064,71.34394452243164,normal
296,48.108232299674306,70.11715584343634,70.1333594038364,normal
297,47.25286459803453,69.62064835632951,68.93095427410482,normal
298,46.40595399640175,67.44316878155024,67.74043103752403,normal
299,45.57010772252668,66.63905370121182,66.56545507034615,normal
300,44.74789894245116,66.63831058696994,65.40964393127149,normal
301,43.94185883897554,63.9536655239947,64.27655621878392,normal
302,43.154468819372255,62.78847093695459,63.16968060975073,normal
303,42.388152876334,62.07760830421875,62.09242511313856,normal
304,41.64527012567381,61.02931137983836,61.04810657202861,normal
305,40.928107543749405,60.395984712198135,60.03994044634213,normal
306,40.23887292697018,59.1256820979158,59.07103090781498,normal
307,39.57968809506089,57.82519148855488,58.14436127778769,normal
308,38.9525823590058,57.351956063255415,57.26278483731102,normal
309,38.359486273782665,57.54189646550195,56.42901603790997,normal
310,37.80222569511848,56.18201786968316,55.64562214010311,normal
311,37.28251615856357,53.74158039000217,54.915015305446445,normal
312,36.80195759818823,54.17954672106074,54.239445166464215,normal
313,36.36202942116015,53.251905141934174,53.620991897346386,normal
314,35.96408595336598,53.324011343694465,53.06155980674443,normal
315,35.60935227009756,52.48979416861451,52.562871472380074,normal
316,35.29892042463814,52.94161513678181,52.12646243550904,normal
317,35.033746086358974,52.14644351002385,51.75367647155303,normal
318,34.814645598676044,51.821206502314084,51.44566145143778,normal
319,34.64229346592377,51.282055845237736,51.20336580635411,normal
320,62.21317540006145,90.18526986582371,89.95988039885965,drift
321,63.871118303450736,92.08614052398309,92.29021452129545,drift
322,65.2009657190978,94.58520621229238,94.1593677791676,drift
323,66.1712625813825,95.43624054429823,95.52314484669496,drift
324,66.75905832386015,96.09265789596081,96.34930112524364,drift
325,66.950449732197,96.00464058937953,96.61830386548662,drift
326,66.74090979883002,95.74921338984927,96.32379314883117,drift
327,66.13539480090537,94.81262845285416,95.47273197059394,drift
328,65.14822706876683,92.45969492215431,94.08524192489767,drift
329,63.80275621788691,92.11921137934631,92.19412832327188,drift
330,62.13080685716916,89.5232601126633,89.84410582935696,drift
331,60.17192583705382,86.38462410693673,87.09074270507875,drift
332,57.97244684237172,83.76859011956398,83.99914838442567,drift
333,55.584394455261965,80.09946568315141,80.64243516752423,drift
334,53.06425361050506,76.47302976754615,77.09999021372808,drift
335,50.47163354951551,71.57216476847528,73.45559857136179,drift
336,47.86785787467573,68.80155235631472,69.79546159198001,drift
337,45.31451405365195,65.47901189678669,66.20615763749034,drift
338,42.87199668246777,62.443926791849634,62.77259342421844,drift
339,40.59807896373641,59.28861460852762,59.575994614430904,drift
340,38.546546189075464,56.173821168134836,56.69198335178613,drift
341,36.765923548134126,52.52334196822744,54.18878836569323,drift
342,35.298328355542985,49.967227214502635,52.125630096631895,drift
343,34.178473844221514,49.50445759346442,50.55131910592849,drift
344,33.43284808845864,48.17130322935464,49.50310094035805,drift
345,33.07908747781278,48.01232852866233,49.005774755235734,drift
346,33.125559561140065,47.562613275871904,49.07110650496047,drift
347,33.57116512779924,48.27886065900145,49.6975505426749,drift
348,34.40536420743353,48.670283348666864,50.87028619218298,drift
349,35.608425373353356,51.1271957126295,52.561568430104266,drift
350,37.15189245271231,52.86443313282966,54.73138441030458,drift
351,38.999257604315616,55.740730166021216,57.3284003416381,drift
352,41.10682484365836,58.693679617348835,60.29117635799855,drift
353,43.424743590115796,61.65294269611559,63.54962065688223,drift
354,45.89818778965039,65.25705154400963,67.02664848262043,drift
355,48.46865272308262,68.6750766315021,70.64000663579544,drift
356,51.07533882633919,72.60925979600614,74.30422022797957,drift
357,53.65658979098637,76.0730907606423,77.9326154764892,drift
358,56.15135092945646,79.08144956318678,81.43937052660934,drift
359,58.500613310052685,82.31048787868893,84.74154564729358,drift
360,60.648809503406035,86.25742564947124,87.76104468583777,drift
361,62.545127926599704,88.08855917770477,90.42646136838793,drift
362,64.14471469659696,90.74205224355647,92.67476684445971,drift
363,65.40973456536604,92.21171088612212,94.45279871342089,drift
364,66.31026584225683,93.01760798652256,95.7185165328295,drift
365,66.8250081359054,93.6071400194375,96.44199436705503,drift
366,66.94178617534936,94.08185583559373,96.60612715050087,drift
367,66.65783779340283,93.6843698610657,96.2070343650078,drift
368,65.9798792605806,92.82638120381296,95.25415161281053,drift
369,64.9239464242188,90.49278633223317,93.77000794961923,drift
370,63.51501541035063,88.74003047880336,91.78969417103973,drift
371,61.786411859928606,86.46520163645894,89.3600344635296,drift
372,59.779022672810505,84.30283055197445,86.53848078268466,drift
373,57.54032890423847,79.42952890907262,83.39175585245385,drift
374,55.12328268884479,77.15672888831547,79.99427663769129,drift
375,52.58505475645714,73.11989168329819,76.42639538440629,drift
376,49.98568216488594,69.8197360975114,72.77249971297954,drift
377,47.38664823505723,65.7208323893876,69.11901667126823,drift
378,44.8494282774839,62.459465318669466,65.55236801035596,drift
379,42.43403550820799,59.514206035195386,62.15692516605638,drift
380,40.19760154786659,55.80378877353217,59.01301247567693,drift
381,38.19302507953403,52.963211058900306,56.195006027170116,drift
382,36.46772062882437,50.456266592767236,53.76957325598008,drift
383,35.06249706153169,47.951091705634916,51.794095035477625,drift
384,35.69352142072245,52.998992447480255,52.68119742405242,normal
385,35.90400441518277,52.95902831806468,52.97709660947236,normal
386,36.13303585340992,53.075768379434784,53.29907105073289,normal
387,36.38031436068177,54.260781826722905,53.646696984782835,normal
388,36.64551455157525,54.436388998319636,54.01951688821682,normal
389,36.92828745813004,54.95257361212594,54.417040079602074,normal
390,37.22826098904375,55.09503910789462,54.83874336546578,normal
391,37.54504041929418,55.23780400602717,55.28407172909381,normal
392,37.87820890954474,55.5756781196194,55.75243906123563,normal
393,38.227328054649135,56.125411757593405,56.24322893175364,normal
394,38.59193846053394,57.15550268123395,56.755795401202576,normal
395,38.971560348699654,57.336661295525005,57.28946387127061,normal
396,39.36569418754508,57.21811351485898,57.843531972962964,normal
397,39.773821349683985,58.400786547538274,58.417270491358906,normal
398,40.19540479438935,58.412654336298274,59.009924325724214,normal
399,40.62988977426715,59.690670683561244,59.620713483714844,normal
400,41.07670456522962,59.74109934064621,60.24883410836154,normal
401,41.53526121880767,60.360369447047184,60.893459536482546,normal
402,42.00495633581237,61.603754619827555,61.55374138712914,normal
403,42.485171860327604,62.195822237987564,62.22881067862926,normal
404,42.9752758929888,62.21689807111364,62.917778972755954,normal
405,43.47462352247809,63.935317713282494,63.61973954451232,normal
406,43.982557674141184,65.24609743611173,64.33376857598918,normal
407,44.4984099746097,64.43412681965566,65.05892637272107,normal
408,45.021501631291144,66.56181625490701,65.7942586009353,normal
409,45.55114432556902,66.24870873538667,66.53879754406131,normal
410,46.086641118538076,67.08317087465822,67.29156337684253,normal
411,46.62728736808261,67.97611622776924,68.05156545536849,normal
412,47.17237165609123,68.20822933539013,68.81780362132491,normal
413,47.72117672458782,70.13720214561323,69.5892695187397,normal
414,48.27298041954709,70.57275121517037,70.36494792148734,normal
415,48.82705664115264,70.82687738054359,71.1438180697991,normal
416,49.38267629924711,71.80799223761302,71.92485501401491,normal
417,49.93910827271727,72.067476345214,72.70703096380346,normal
418,50.4956203715516,73.34264292814976,73.48931664107022,normal
419,51.051480300304284,74.66554906946398,74.27068263476777,normal
420,51.605956621698056,74.3266433297476,75.05010075582118,normal
421,52.15831971909782,75.64255239359555,75.8265453903813,normal
422,52.707842756588384,76.66090717077213,76.59899484962072,normal
423,53.253802635393356,77.80854841472623,77.36643271429347,normal
424,53.79548094537634,78.69695605117036,78.1278491722851,normal
425,54.33216491037248,78.68938685914277,78.88224234739117,normal
426,54.86314832610659,79.31638053346623,79.62861961757328,normal
427,55.3877324894634,80.55596389645194,80.36599892095639,normal
428,55.905227117887364,80.9402001465008,81.09341004784838,normal
429,56.414951257702185,81.67913910761904,81.80989591708102,normal
430,56.91623418015463,82.97010269044307,82.51451383499362,normal
431,57.408416264003876,83.91901714093305,83.20633673540337,normal
432,57.890849863494736,83.99658931153685,83.88445439893316,normal
433,58.36290016057288,84.46690426278195,84.54797465009412,normal
434,58.82394600022035,85.43696557591136,85.19602453055134,normal
435,59.27338070781248,85.03165427102779,85.82775144703207,normal
436,59.710612887420524,86.43462738855078,86.44232429237113,normal
437,60.135067200009516,86.59161525303459,87.03893453822288,normal
438,60.546185120507474,88.62458580232004,87.61679729800717,normal
439,60.943425672749655,88.47891093888244,88.17515235869779,normal
440,61.32626614133075,88.77289071267153,88.71326518010117,normal
441,61.69420275942845,89.14845072929064,89.2304278603183,normal
442,62.046751371693134,88.66522755705519,89.7259600661268,normal
443,62.38344807133154,90.49984934951713,90.19920992706633,normal
444,62.70384981054599,91.33677350928193,90.64955489205917,normal
445,63.007534983526064,90.76900832439745,91.07640254744767,normal
446,63.29410398122533,91.76743078002586,91.47919139537898,normal
447,63.563179717193435,92.16213847497171,91.85739159152314,normal
448,83.92619525620404,120.57228374057708,120.47591772651512,normal
449,82.46445062822036,118.39510759570382,118.42175585304557,normal
450,80.83952831280546,116.47058391032797,116.13824470568842,normal
451,79.05959573803997,112.98700745984522,113.63685095762607,normal
452,77.1335994678027,110.96947949353437,110.9301365100403,normal
453,75.07122023321017,108.47638525577344,108.031695658158,normal
454,72.88282427387506,104.43206534548666,104.95608704816922,normal
455,70.57941123355906,102.13739731943285,101.71876075794295,normal
456,68.17255887211469,98.15958422018322,98.33598086025879,normal
457,65.67436487161353,93.94711388113642,94.82474385154322,normal
458,63.097386029163445,91.15809205802232,91.20269335164751,normal
459,60.454575142052946,87.07811486110005,87.48803150084683,normal
460,57.75921590246012,83.83408157388797,83.69942749879226,normal
461,55.024856128968146,79.36155000635003,79.85592374643147,normal
462,52.26523967048896,76.41981472690067,75.97684006577036,normal
463,49.494237324870014,71.77006016571258,72.08167648363441,normal
464,46.72577711941112,68.34031590404594,68.19001507418211,normal
465,43.97377430372627,64.0708985581159,64.32142136073138,normal
466,41.25206140683038,60.35915407111794,60.49534578041003,normal
467,38.574318710008754,57.233674112228975,56.731025715205,normal
468,35.95400548493696,53.13818653759757,53.04738859014406,normal
469,33.40429234267228,49.29634392709033,49.4629565336331,normal
470,30.93799503355444,45.467904800030375,45.99575308644028,normal
471,28.56751003076048,43.15244485266216,42.663212434550786,normal
472,26.304752221293295,39.7911692483572,39.482091627222715,normal
473,24.161095017590824,36.33066338110129,36.46838622518721,normal
474,22.147313190775833,33.73987104664178,33.63724980520702,normal
475,20.27352871288641,30.568673006966318,31.002917726304396,normal
476,18.549159880303055,28.150604614661077,28.578635540068742,normal
477,16.98287397409581,26.02813137724436,26.376592402743444,normal
478,15.582543695237142,24.55692474789374,24.407859820455236,normal
479,14.355207593652324,22.80711489509408,22.68233603117565,normal
480,13.307034690004961,20.894350029039995,21.208696297974257,normal
481,12.443293468040672,20.305520402766703,19.994349358009913,normal
482,11.768325393344476,19.37636027936897,19.04540024067644,normal
483,11.2855230916158,18.439547078592657,18.366619636524607,normal
484,10.997313296144696,18.399380905882186,17.961419966166485,normal
485,10.905144650201244,17.71063746181887,17.831838265463315,normal
486,11.00948042564768,17.930857068273045,17.97852597002415,normal
487,11.309796194371891,18.600183157798266,18.40074564851283,normal
488,11.804582464246614,19.082015965559727,19.096374700582313,normal
489,12.49135226636497,20.396758708575064,20.061916001528687,normal
490,13.366653655416371,20.76417785266865,21.292515442085158,normal
491,14.426087060371358,23.383330923934015,22.781986278258653,normal
492,15.664327398264952,24.19332345347417,24.522840172858313,normal
493,17.075150839926735,26.43686019805487,26.50632477748584,normal
494,18.651466093123847,28.141461761138054,28.72246767137709,normal
495,20.385350045876805,31.413282090203754,31.160126441732732,normal
496,22.26808759079248,34.3443166995377,33.80704465919805,normal
497,24.290215430243013,37.10164872218288,36.64991347210063,normal
498,26.441569642210744,40.02593091041399,39.67443851409795,normal
499,28.711336767716347,42.208655784898475,42.86541179219609,normal
500,31.08810816304707,45.876893331159096,46.20678819586069,normal
501,33.55993734359167,49.48667114251191,49.681766243336426,normal
502,36.114400031051844,52.878629972525424,53.272872658509456,normal
503,38.73865660221196,57.43556929516225,56.96205035087351,normal
504,41.41951662537759,60.80855926454811,60.73074935257186,normal
505,44.143505160100226,64.54969625162987,64.56002025024996,normal
506,46.89693048694284,68.63623748449201,68.43060963571995,normal
507,49.665952926851546,71.92169291600074,72.32305708833513,normal
508,52.4366544042253,75.83467828760261,76.21779319361829,normal
509,55.19510840403354,79.72346404890884,80.09523809714683,normal
510,57.92744997135255,84.14578157872303,83.93590009004038,normal
511,60.61994540148102,87.86454875952155,87.72047372264188,normal
512,32.41285056106563,47.832759260320856,48.06915886613888,normal
513,34.87178018420058,51.588209321533974,51.52598220902249,normal
514,37.40145140653247,54.513355342471,55.08221445455818,normal
515,39.99003514374805,58.49676437840359,58.72121981862281,normal
516,42.625426828657346,62.853662367993905,62.42597559927819,normal
517,45.295303013784626,66.64421394400411,66.17915194877413,normal
518,47.98717899747342,70.41731554004852,69.96319308816207,normal
519,50.68846720403772,73.77854313950175,73.76039957858649,normal
520,53.38653604496603,77.4636097520414,77.55301125798566,normal
521,56.06876898593548,81.7786013625727,81.32329044868462,normal
522,58.72262354343026,84.89643421241954,85.05360504023047,normal
523,61.33568993508872,88.86917004443318,88.72651105281322,normal
524,63.89574910952182,92.88379691797984,92.32483428971614,normal
525,66.39082988424788,95.67672042904475,95.83175069241592,normal
526,68.80926492455868,98.97335249660593,99.23086501914835,normal
527,71.13974530155264,102.50233495680845,102.5062874768952,normal
528,73.37137337421359,105.89508621498324,105.64270794774067,normal
529,75.49371374825226,108.82893301796146,108.62546746329052,normal
530,77.49684207341937,111.5063626972277,111.4406265952164,normal
531,79.37139145110795,114.30971165569659,114.0750304458705,normal
532,81.10859623523625,115.84170749605413,116.51636994016292,normal
533,82.700333021593,118.39082669169078,118.75323913838636,normal
534,84.13915863397246,120.84403215508209,120.77518830926311,normal
535,85.41834492947187,122.18109113721981,122.57277252305332,normal
536,86.53191026019634,123.57171778324228,124.13759554596774,normal
537,87.47464744425237,124.95292689947215,125.46234883925844,normal
538,88.24214811523372,126.15359167379265,126.5408454890942,normal
539,88.83082333633809,127.29277359736484,127.36804891657417,normal
540,89.2379203827204,127.50878355384759,127.9400962408867,normal
541,89.46153561360602,128.35338942900202,128.25431619260226,normal
542,89.50062337397205,129.02465761764643,128.3092414983258,normal
543,89.35500088417149,128.04235136330232,128.10461568235047,normal
544,89.02534909463563,128.17902376158395,127.64139425549847,normal
545,88.51320950165771,127.04339208435388,126.92174028593841,normal
546,87.82097693914818,125.47670663676868,125.9490143713908,normal
547,86.9518883800678,124.61961324125588,124.72775905670613,normal
548,85.91000779990483,122.84956952160483,123.26367776527862,normal
549,84.70020717297692,121.88750029137854,121.56360833708128,normal
550,83.32814369042086,119.14915046674771,119.63549129020055,normal
551,81.80023330640292,118.04615417160352,117.48833294655937,normal
552,80.12362073625063,115.37602579949179,115.1321635859392,normal
553,78.30614604679863,111.72504148652223,112.57799081537914,normal
554,76.35630799517753,110.168559885881,109.83774836342744,normal
555,74.28322428747741,107.5792559326538,106.92424053044563,normal
556,72.09658894312264,103.51766351846683,103.85108254710147,normal
557,69.806626964328,101.04818674309652,100.63263711320519,normal
558,67.42404652260677,96.52544430268222,97.283947408014,normal
559,64.95998888591492,93.92701892487278,93.82066688092576,normal
560,62.425976320576886,89.55826228727739,90.25898614795211,normal
561,59.833858211612096,86.81901528616345,86.61555733439356,normal
562,57.19575565341032,82.15330752405475,82.90741621758127,normal
563,54.52400476985701,78.04143739152508,79.15190253529954,normal
564,51.8310990289516,75.53363897238138,75.36657883543916,normal
565,49.12963082166388,72.53411106306937,71.56914825045936,normal
566,46.432232578213146,67.52613614781929,67.77737158627565,normal
567,43.75151769711779,64.35912287667969,64.00898411917191,normal
568,41.100021563240745,60.328307093338125,60.28161249622909,normal
569,38.4901429306362,56.4762476048265,56.61269213452196,normal
570,35.934085944301216,53.27893601953317,53.01938551198758,normal
571,33.4438030719455,50.21121872858613,49.518501738405526,normal
572,31.030939212637584,45.6054781028869,46.126417788411146,normal
573,28.706777243684378,43.09683647187745,42.859001769942715,normal
574,26.48218526037254,39.87710629271617,39.73153859107088,normal
575,24.36756575528715,36.15791238563423,36.758658375886014,normal
576,63.302869365820825,92.22450556748363,91.4915116211874,normal
577,61.19721029992941,88.55554782413319,88.53186708705161,normal
578,59.04180464823373,85.43339442946203,85.5022476488709,normal
579,56.846228373792734,83.05022115221138,82.41611178956103,normal
580,54.62023590834437,79.3830942488884,79.2871699387759,normal
581,52.37371681564745,76.2656293721911,76.12932353443266,normal
582,50.11665185446351,73.59671268764104,72.95660321541183,normal
583,47.85906863638059,70.32643868176176,69.78310642250602,normal
584,45.61099707548088,66.99963814015813,66.62293468778604,normal
585,43.38242482777895,62.89942124826265,63.490130894282046,normal
586,41.18325291840263,59.73543002669595,60.398616788218256,normal
587,39.023251753654705,57.83710339043095,57.362131024989985,normal
588,36.91201771338346,54.003305717604846,54.39416802763669,normal
589,34.858930516512125,51.57054380825151,51.50791793276069,normal
590,32.87311154914194,48.26319676194878,48.716207893699874,normal
591,30.963383340367727,45.953971573628074,46.03144500431963,normal
592,29.138230365845093,42.926246109995006,43.465561099096234,normal
593,27.405761353250046,41.717517861952956,41.029959676275325,normal
594,25.77367325709893,38.30571868795145,38.73546518087158,normal
595,24.249217062980122,36.540821375196785,36.59227487319722,normal
596,22.839165573121534,34.530536638611224,34.60991349654357,normal
597,21.549783316414725,33.30588657107684,32.79719094466846,normal
598,20.38679871657858,30.563293206084985,31.162163115942693,normal
599,19.35537864211296,29.698033464078044,29.71209612646155,normal
600,18.460105451110635,28.365185343783892,28.453434039209743,normal
601,17.704956632912406,27.615276840693717,27.391770250562644,normal
602,17.093287137052407,26.730905082167386,26.53182265908316,normal
603,16.627814468002263,25.681818441416855,25.87741272481113,normal
604,16.310606611934418,25.532498645935753,25.43144851010579,normal
605,16.14307284914345,25.037903656431574,25.19591177566215,normal
606,16.12595749294333,25.369286058220172,25.17184918764043,normal
607,16.259336582857564,25.31610245784785,25.359367673987386,normal
608,16.542617546793373,25.481134703759196,25.757633950046383,normal
609,16.974541833700812,26.353255495560592,26.364878215508867,normal
610,17.553190505020737,27.33183509572406,27.178402006709003,normal
611,18.27599276007982,29.150271024398084,28.194590170262078,normal
612,19.139737357556566,29.201740137705375,29.40892690615442,normal
613,20.140586882275187,30.945354921517477,30.81601581066461,normal
614,21.274094793943494,33.02666853911485,32.4096038319959,normal
615,22.535225182091217,33.30610024509856,34.182609034288674,normal
616,23.91837513944197,35.391991174852656,36.12715204882747,normal
617,25.417399654319627,37.73325045712204,38.234591074829275,normal
618,27.025638911497474,40.44737875231459,40.49556027626762,normal
619,28.735947880199276,43.92911992771806,42.90001140583091,normal
620,30.540728057799424,45.60232524252121,45.437258472405986,normal
621,32.43196122819252,48.60555495110923,48.096025254501185,normal
622,34.40124508485158,50.77084595607114,50.86449544885696,normal
623,36.43983056031037,52.691240949112384,53.73036523121502,normal
624,38.538660696223175,55.7050752041645,56.680897994907816,normal
625,40.68841088131201,60.13260385512076,59.70298102266591,normal
626,42.87953027843304,62.86115201036729,62.783183837888224,normal
627,45.10228425671151,65.36015023787796,65.90781797365112,normal
628,47.34679764022954,69.53425001284423,69.06299789100095,normal
629,49.60309858112221,71.58561803864984,72.23470277263142,normal
630,51.861162862164896,75.8872279886733,75.40883891393908,normal
631,54.110958432025214,79.1834341722322,78.5713024306997,normal
632,56.342489975320085,81.38546259823713,81.70804200124353,normal
633,58.545843319463714,84.33775105826123,84.80512136103262,normal
634,60.7112294810169,88.2048929211886,87.8487812689567,normal
635,62.82902815585032,90.36354102146541,90.82550066745216,normal
636,64.88983045990517,94.08557444233104,93.72205676268392,normal
637,66.88448073066398,96.02146813479611,96.52558375647826,normal
638,68.8041172036169,99.56424221716378,99.22362996840597,normal
639,70.6402113830087,101.84380333645697,101.80421309434196,normal
640,69.18857755723472,98.96571564716821,99.7639827460923,normal
641,69.07797618755396,99.49214116099452,99.6085345150424,normal
642,68.94060268229721,99.24837244410237,99.41545830927359,normal
643,68.77664981778787,99.47113666273951,99.18502493090278,normal
644,68.58634766918031,98.3887340180526,98.91755757990501,normal
645,68.36996328759531,99.33610786478232,98.61343140182187,normal
646,68.12780032536702,98.14165760218116,98.27307296275214,normal
647,67.86019860992748,97.41691496283164,97.89695965234826,normal
648,67.56753366692658,98.07022517416975,97.48561901564385,normal
649,67.25021619325662,97.7410021074998,97.03962801463317,normal
650,66.90869148072125,96.48041566153763,96.55961222062406,normal
651,66.54343879115706,95.67041732424978,96.04624493847871,normal
652,66.15497068388525,95.50701692134864,95.5002462639553,normal
653,65.7438322964368,94.63118725535212,94.9223820754526,normal
654,65.31060057956063,94.18185663753914,94.31346296155539,normal
655,64.85588348758824,94.33164154215272,93.67434308586523,normal
656,64.38031912529114,93.17121099213814,93.00591899069067,normal
657,63.88457485242785,92.37045106557538,92.30912834125715,normal
658,63.36934634723773,91.73088610736656,91.58494861217925,normal
659,62.83535663019516,90.80989519196895,90.83439571802072,normal
660,62.283355049394515,90.41347049973162,90.05852258984737,normal
661,61.71411622898955,89.62927572339329,89.25841769975186,normal
662,61.12843898216282,88.27926818745152,88.43520353540704,normal
663,60.52714519015064,87.63435813698507,87.59003502677271,normal
664,59.91107864889671,87.7420847578444,86.7240979271511,normal
665,59.2811038849527,86.01642493888733,85.83860715085048,normal
666,58.638104942287626,84.85641772522877,84.93480506977936,normal
667,57.98298414170843,84.87845785430285,84.01395977135287,normal
668,57.31666081463261,83.08134164650484,83.07736328014826,normal
669,56.64007001298994,81.6635209313783,82.12632974579986,normal
670,55.95416119706346,81.44671143476444,81.16219359967177,normal
671,55.25989690311131,79.80678818670486,80.18630768289293,normal
672,54.55825139263906,78.99032790733291,79.20004134838082,normal
673,53.850209285217865,78.34241273281043,78.20477853951755,normal
674,53.136764176767294,77.14844938749461,77.20191584817753,normal
675,52.41891724524153,75.87084496026202,76.19286055483532,normal
676,51.69767584567577,74.94665180314466,75.17902865350938,normal
677,50.97405209656423,73.91157478567695,74.1618428643201,normal
678,50.249061459553744,73.63459286542732,73.14273063645885,normal
679,49.52372131444572,71.81902602882631,72.12312214437932,normal
680,48.79904953150655,70.86310356059809,71.10444828003322,normal
681,48.076063043089505,70.94785496122593,70.08813864397831,normal
682,47.35577641657312,68.84205846821068,69.07561953819014,normal
683,46.639200430618,68.69650337412381,68.06831196340472,normal
684,45.92734065674067,67.62256573322648,67.06762962381681,normal
685,45.221196048194315,66.0105509211628,66.07497694194468,normal
686,44.5217575381372,64.49309068573214,65.09174708646162,normal
687,43.83000664905545,64.31038769574738,64.11932001577321,normal
688,43.14691411539206,63.442774603107004,63.15906054009948,normal
689,42.473438521314534,62.62050710858671,62.21231640479292,normal
690,41.81052495553328,61.310739215929836,61.28041639759488,normal
691,41.15910368505794,60.87271445351294,60.36466848249717,normal
692,40.52008884975321,60.05276923603179,59.466357962838636,normal
693,39.8943771795257,58.14203917254029,58.5867456762245,normal
694,39.28284673594247,58.329981222784,57.72706622381081,normal
695,38.68635568004655,56.962142930449765,56.88852623644697,normal
696,38.105741068099135,55.83368892214019,56.072302680117176,normal
697,37.54181767693795,55.145153649552945,55.2795412030649,normal
698,36.99537686060044,55.30325775565713,54.51135452692538,normal
699,36.467185439816205,54.18385501208851,53.76882088412852,normal
700,35.95798462592699,52.2984169452105,53.052982503767886,normal
701,35.46848898074429,52.40004400506805,52.36484414806332,normal
702,34.99938541380443,51.64638721647246,51.70537170147247,normal
703,34.55133221842793,51.00143340565749,51.07549081443136,normal
704,29.974033006892903,44.24424042905065,44.64057318385305,spikes
705,29.958488392289585,44.462647677630656,44.618719842656986,spikes
706,30.086439799861733,44.54453191155102,44.798599833722996,spikes
707,30.35697110519829,44.87195078476866,45.17892491699571,spikes
708,30.76814532036393,46.07044611625298,45.756971331410796,spikes
709,31.317018462616623,46.69046365116384,46.528599300670294,spikes
710,31.999660633147645,47.203941662496774,47.488282680660994,spikes
711,32.81118415492156,48.23065591997674,48.62914853743762,spikes
712,33.745778568150904,49.745041551102695,49.94302637381023,spikes
713,34.79675223284012,51.828368248710284,51.42050665356137,spikes
714,35.956580240526904,50.45629418150391,53.051008205648344,spikes
715,37.21695829217591,54.92116168933727,54.82285402689413,spikes
716,38.56886215646223,56.584945416086136,56.723354941102784,spikes
717,40.00261228272692,58.63013434486507,58.738900515708245,spikes
718,41.507943105979685,60.946388188950294,60.85505658442156,spikes
719,43.07407654772909,62.27916767638843,63.05666867629979,spikes
720,44.68979918637873,66.00788803801875,65.32797060861603,spikes
721,46.34354254465383,73.43412359153054,67.65269746322811,spikes
722,48.02346591920546,69.77450428897856,70.01420213414359,spikes
723,49.71754115933688,72.9601122301818,72.39557460794428,spikes
724,51.41363878784184,74.87357894696017,74.77976311889105,spikes
725,53.09961484733449,77.1674458793342,77.14969630705355,spikes
726,54.76339785025664,79.24237903688459,79.48840550081685,spikes
727,56.393075210005236,77.89913121987105,81.77914624465987,spikes
728,57.97697853433869,84.08352256484557,84.00551819917365,spikes
729,59.50376717036609,86.65570771103677,86.15158255281841,spikes
730,60.962509402942324,87.82252870616242,88.20197610377923,spikes
731,62.34276072509351,90.71679004232595,90.14202119528322,spikes
732,63.63463862006104,91.4824362071587,91.95783071864368,spikes
733,64.82889331952939,93.32682370829565,93.63640743481636,spikes
734,65.91697403141296,95.3791066852894,95.16573690705506,spikes
735,66.89109016301512,96.53490089532417,96.53487338397589,spikes
736,67.74426710120498,98.02541371842294,97.7340180235896,spikes
737,68.47039615022952,98.44174617674226,98.75458890422227,spikes
738,69.06427826960912,99.15411643378928,99.5892823272865,spikes
739,69.52166129895588,99.44465431498818,100.23212497914317,spikes
740,69.83927040318716,100.17082752998438,100.67851658436518,spikes
741,70.01483152014859,100.47139299645508,100.92526275012098,spikes
742,70.04708764276275,100.36874676470677,100.97059777069096,spikes
743,69.9358078191246,100.94429684044442,100.81419723186552,spikes
744,69.68178880610324,100.17717361249525,100.45718032669326,spikes
745,69.28684936461045,99.06349905343892,99.90210186631958,spikes
746,68.75381723738161,100.20039202201976,99.15293404202045,spikes
747,68.08650890250712,97.8629220038756,98.21503806656091,spikes
748,67.28970224767792,96.56558997489996,97.0951258942402,spikes
749,66.36910236079603,96.32411752664659,95.80121228898375,spikes
750,65.33130068188696,94.83410237236374,94.34255757815214,spikes
751,64.18372780878411,92.24400066110823,92.72960149591384,spikes
752,62.93460029449357,90.35220753606278,90.97388858361738,spikes
753,61.59286181716691,88.6661877207427,89.0879856751481,spikes
754,60.1681191439016,87.5617750508125,87.08539205232483,spikes
755,58.67057334686416,84.84916251661971,84.98044290853963,spikes
756,57.11094676422491,82.44712247275568,82.7882068076507,spikes
757,55.500406228858836,80.51241124231673,80.52437786919741,spikes
758,53.850483114491816,82.4735203985973,78.20516344994363,spikes
759,52.1729907717552,75.26109774119978,75.84716812521577,spikes
760,50.47993994530375,73.30539880053699,73.46727480119345,spikes
761,48.783452777603,70.49901557387092,71.08252381095127,spikes
762,47.09567601511621,69.62614045457788,68.70999086245008,spikes
763,45.42869403832709,67.13357698405434,66.36666471565671,spikes
764,43.79444233829989,58.62256121610384,64.0693254684576,spikes
765,42.20462205927841,61.77815956717003,61.834424326967934,spikes
766,40.67061621919467,59.955965426936565,59.67796572526638,spikes
767,39.2034082079423,56.72882682207974,57.61539264258254,spikes
768,22.659954519888664,33.720329212206856,34.357963869194414,normal
769,23.59119272323602,35.664184055796305,35.66717355532482,normal
770,24.57741644757014,36.65966858735114,37.05368212189894,normal
771,25.616572286058833,38.10927021998626,38.5146018303449,normal
772,26.70649662242941,39.24586812555019,40.04688994112374,normal
773,27.844920135813187,42.556050001104495,41.64735505143265,normal
774,29.029472525676265,43.25401127085358,43.312663743644755,normal
775,30.257687446999352,45.14431777066903,45.039347530706706,normal
776,31.527007645430704,47.29555615040336,46.8238100840719,normal
777,32.834790281720586,48.61530600861902,48.66233472913291,normal
778,34.178312434351184,50.77194378045344,50.5510921925327,normal
779,35.55477676890502,51.91713020784508,52.486148585180814,normal
780,36.96131736236779,54.550429232298164,54.463473604281944,normal
781,38.39500567023874,56.30843205584669,56.478948937199746,normal
782,39.85285662402488,58.74349621262667,58.528376849532194,normal
783,41.3318348464229,60.68775873720263,60.607488939363456,normal
784,42.828860971248844,62.13140548371664,62.71195503929049,normal
785,44.340818054956486,64.06013992715864,64.83739224749111,normal
786,45.864558066395254,66.55503978346275,66.97937406881516,normal
787,47.39690844129519,69.44804102653158,69.13343964663568,normal
788,48.93467868783235,71.47800769092703,71.29510306599852,normal
789,50.47466702952065,73.6334429293271,73.45986270845115,normal
790,52.01366707159966,74.77495689055931,75.6232106388251,normal
791,53.54847447703797,76.64965341980391,77.78064200417815,normal
792,55.075893638252175,79.66773337052571,79.92766442508653,normal
793,56.592744330650355,81.92248967059598,82.059807359503,normal
794,58.09586833414683,83.92097860081967,84.17263141946988,normal
795,59.58213600886147,86.41400679572243,86.26173762109306,normal
796,61.04845281131249,88.25315442246908,88.32277654834749,normal
797,62.491765737535324,89.85366662752531,90.3514574114888,normal
798,63.90906967971266,91.97469925646634,92.34355698109792,normal
799,65.29741368308,94.35740061548232,94.29492837907507,normal
800,66.65390709008003,96.23415310905746,96.20150970823552,normal
801,67.97572555897261,98.02988633880312,98.05933250252906,normal
802,69.26011694436929,100.82260979181014,99.86452998031925,normal
803,70.50440702744834,101.50419945162642,101.61334508360385,normal
804,71.70600508392005,103.35434677121356,103.3021382865444,normal
805,72.86240927814828,104.50871718379959,104.9273951571858,normal
806,73.97121187219831,106.3355713583521,106.4857336567996,normal
807,75.03010423896457,108.19616252135124,107.97391116186141,normal
808,76.03688166894064,109.62902829044862,109.38883119428068,normal
809,76.98944796062358,110.66203264069198,110.7275498461355,normal
810,77.88581978499464,112.15461388240684,111.9872818858233,normal
811,78.72413081498935,113.18927125778842,113.1654065332201,normal
812,79.50263561135895,113.46646310944185,114.25947289214444,normal
813,80.21971325683258,113.88613034894007,115.267205029143,normal
814,80.8738707310132,117.16128906078843,116.18650668835635,normal
815,81.46374601898104,117.3659211665894,117.01546563297914,normal
816,81.9881109471315,117.7284163987128,117.75235760459876,normal
817,82.4458737403435,117.66259784284367,118.39564989248164,normal
818,82.83608129515392,118.4060468559409,118.94400450567049,normal
819,83.15792116420496,119.96816303318616,119.39628094156163,normal
820,83.41072324783295,118.57556951931498,119.7515385454452,normal
821,83.59396118927634,119.87224536105748,120.0090384563139,normal
822,83.70725347059799,120.53457935700783,120.16824513507127,normal
823,83.75036420703992,120.2892380413577,120.22882747210674,normal
824,83.72320363815678,120.5090082795056,120.19065947203853,normal
825,83.62582831470505,119.99846350945732,120.05382051426719,normal
826,83.45844098089938,120.82808078759257,119.81859518882233,normal
827,83.22139015228085,119.05189504537917,119.48547270782963,normal
828,82.91516939007599,118.48059967190413,119.05514589376263,normal
829,82.54041627355791,118.64429919935482,118.52850974648952,normal
830,82.09791107254861,118.50961353590256,117.90665959195721,normal
831,81.58857512282678,117.16731530821613,117.19088881619291,normal
832,38.15798703039702,56.73619397988042,56.145749751478476,normal
833,38.458469744565406,57.22980201437974,56.5681662309364,normal
834,38.776642364175984,57.662077831173626,57.01545034347373,normal
835,39.112017220485484,57.30207471149304,57.48691640208982,normal
836,39.464080278581314,57.49461011879167,57.98184165073928,normal
837,39.83229192525194,58.006261183317896,58.499467372704274,normal
838,40.216087796061416,58.944255712669445,59.03900005412338,normal
839,40.614879640360726,59.84526727220171,59.599612600892485,normal
840,41.02805622290974,60.395198864307325,60.18044560707159,normal
841,41.45498426072828,60.175619660761065,60.78060867285112,normal
842,41.89500939373994,61.48149977200926,61.399181770055094,normal
843,42.3474571877213,62.042694733548124,62.03521665308561,normal
844,42.811634168018976,62.725751473280134,62.6877383131422,normal
845,43.286828882450465,63.34575168586756,63.35574647348358,normal
846,43.77231299175927,63.95305326371672,64.03821712343505,normal
847,44.26734238595329,64.98432962455425,64.734104088786,normal
848,44.771158324815175,65.49584616797878,65.44234063616409,normal
849,45.282988600836795,66.25691258406606,66.1618411089228,normal
850,45.80204872279514,66.60016264807629,66.89150259202682,normal
851,46.32754311815582,67.79713371926618,67.63020660337885,normal
852,46.85866635246094,68.32572254388482,68.37682080898708,normal
853,47.39460436383268,68.23808963782703,69.1302007593386,normal
854,47.93453571070007,70.09316377204698,69.88919164430938,normal
855,48.47763283083698,70.54115564494106,70.65263006391419,normal
856,49.02306330978114,71.81002354432883,71.41934581217512,normal
857,49.56999115669044,72.11979530705321,72.18816367136749,normal
858,50.11757808568062,72.91752390900126,72.95790521388524,normal
859,50.66498480068084,73.81667503197086,73.7273906089589,normal
860,51.211372281837335,74.49043975676867,74.49544043144869,normal
861,51.75590307149395,75.07237597158206,75.26087746993615,normal
862,52.297742557778044,75.26621070181424,76.02252853133622,normal
863,52.836060253824805,77.55641650792157,76.77922623925951,normal
864,53.37003107067891,76.86392648262023,77.52981082336417,normal
865,53.898836581922936,78.12908825622615,78.27313189695114,normal
866,54.421666278093696,79.28352423109567,79.00805022007536,normal
867,54.93771880896443,79.893719145216,79.73343944546902,normal
868,55.44620321178822,80.68744455473816,80.44818784459972,normal
869,55.94634012362051,81.47562103247202,81.15120001121775,normal
870,56.43736297586226,82.3742509929061,81.84139853978267,normal
871,56.91851916919312,82.6431108205665,82.51772567619778,normal
872,57.38907122709354,84.40507901919597,83.17914493832643,normal
873,57.84829792618799,83.39721621211127,83.8246427038087,normal
874,58.295495401676575,84.54913131787505,84.4532297627508,normal
875,58.72997822616099,84.91174596761361,85.06394283291213,normal
876,59.15108046021109,85.42592358129293,85.65584603507503,normal
877,59.5581566730619,86.34919209987028,86.22803232634254,normal
878,59.950582931876625,87.39466676713697,86.77962488917626,normal
879,60.32775775805947,87.01023393869129,87.30977847405376,normal
880,60.68910304915237,87.51782104187542,87.81768069369768,normal
881,61.034064964902804,88.60812078043267,88.30255326690238,normal
882,61.36211477614437,88.99309349041569,88.76365321006313,normal
883,61.672749675189266,90.02599671559877,89.2002739745918,normal
884,61.96549354649049,90.04527525768661,89.61174652848744,normal
885,62.23989769639239,90.09427505379081,89.9974403804156,normal
886,62.49554154085131,90.21784494494018,90.35676454473744,normal
887,62.732033250072135,90.77995979506659,90.68916844602182,normal
888,62.949010349072644,90.92024151223177,90.99414276166465,normal
889,63.14614027325531,90.69546604804128,91.27122020133548,normal
890,63.32312087813483,91.52344939756536,91.51997622206602,normal
891,63.47968090244028,91.66616842893986,91.7400296778964,normal
892,63.615580383882026,91.8329647209081,91.93104340309094,normal
893,63.73061102694612,91.91165525388533,92.09272472803939,normal
894,63.82459652215247,92.93764617040254,92.22482592706022,normal
895,63.89739281628747,92.6208086468324,92.3271445974273,normal
896,47.785495646842705,69.56037191383436,69.6796836953938,normal
897,48.34277601252993,70.56600250261017,70.46306039592093,normal
898,48.90201047168792,71.10353184384724,71.24918115782216,normal
899,49.46253961049357,71.95773011205598,72.03711897967696,normal
900,50.023702488519675,73.23144245100505,72.82594472718274,normal
901,50.58483741807386,73.74093192514776,73.61472822915023,normal
902,51.14528274441887,73.98751159239843,74.40253937467583,normal
903,51.70437762595379,75.00793203774559,75.18844921019318,normal
904,52.26146281343665,75.69420052823797,75.97153103510765,normal
905,52.81588142732928,76.82717584299593,76.75086149471693,normal
906,53.366979732348085,77.03321012504117,77.52552166912757,normal
907,53.914107908307166,78.21920791865487,78.2945981568802,normal
908,54.45662081634518,79.34931952757564,79.05718415200309,normal
909,54.9938787596321,79.82449541326899,79.81238051322273,normal
910,55.52524823765926,80.17385132764552,80.55929682406895,normal
911,56.05010269322289,81.03706760868245,81.2970524426237,normal
912,56.56782325122076,82.07722503432714,82.02477753967516,normal
913,57.077799448390365,82.94536333221737,82.741614124053,normal
914,57.579429953128596,83.79976804396071,83.44671705393635,normal
915,58.07212327454377,84.07800923855898,84.1392550329432,normal
916,58.55529845990427,84.26283540371112,84.81841158982787,normal
917,59.0283857796611,86.0844048925004,85.4833860406338,normal
918,59.49082739923693,86.25903387979233,86.13339443216944,normal
919,59.94207803678918,86.93893932166904,86.7676704656981,normal
920,60.38160560617188,87.51432408722128,87.38546639975601,normal
921,60.808891844337914,87.5484718415334,87.98605393103799,normal
922,61.22343292244188,88.43405204294874,88.5687250523168,normal
923,61.624740039923196,89.2412967712378,89.13279288638927,normal
924,62.01234000086873,90.11312384230682,89.67759249507114,normal
925,62.38577577197541,90.22786454895078,90.2024816622923,normal
926,62.74460702145488,89.39094160814211,90.70684165037538,normal
927,63.08841063824494,91.08828325101896,91.19007792861123,normal
928,63.416781230915134,91.80035972031226,91.65162087327971,normal
929,63.729331605678794,92.6366497988233,92.0909264382962,normal
930,64.02569322294728,92.80748850930455,92.50747679569965,normal
931,64.30551663188857,93.95107580117124,92.90078094523466,normal
932,64.5684718824775,93.87111985707352,93.2703752923143,normal
933,64.8142489145519,94.18422808981454,93.61582419368992,normal
934,65.04255792341593,94.33435970212504,93.93672047019069,normal
935,65.25312970155939,93.6496164292105,94.23268588593498,normal
936,65.44571595609013,94.86063191121443,94.50337159345452,normal
937,65.62008960150527,95.001302841018,94.74845854421304,normal
938,65.77604502745612,94.74579828311236,94.96765786404059,normal
939,65.91339834119077,95.40814074802425,95.16071119304677,normal
940,66.03198758438879,95.50371866506183,95.3273909896162,normal
941,66.13167292413226,95.27136957840368,95.46750079813371,normal
942,66.21233681778784,95.52883276249268,95.58087548012648,normal
943,66.2738841516056,95.55633160481892,95.66738140855458,normal
944,66.31624235287114,95.82412574581254,95.72691662502433,normal
945,66.33936147547871,95.58033788334689,95.75941095974083,normal
946,66.3432142588245,95.99465403446784,95.76482611406115,normal
947,66.32779615995062,94.93437505633639,95.74315570555076,normal
948,66.2931253589019,95.57551646467067,95.6944252754929,normal
949,66.23924273728905,94.90814197450865,95.61869225883964,normal
950,66.16621183008372,95.31237353041276,95.51604591664173,normal
951,66.07411875070213,95.60463546038766,95.3866072310347,normal
952,65.96307208946544,95.23964407808266,95.23052876290353,normal
953,65.8332027855571,95.0013318759398,95.04799447239145,normal
954,65.68466397262758,94.86823404686619,94.83921950246177,normal
955,65.51763079822885,95.26641801546971,94.6044499257645,normal
956,65.33230021729153,93.87737878321958,94.34396245510199,normal
957,65.12889075988812,94.43248315782098,94.05806411783124,normal
958,64.90764227355623,93.10912424405592,93.74709189458154,normal
959,64.66881564048545,93.21425984489422,93.41141232270776,normal
960,40.130729828109324,59.226346052744525,58.919005598620316,normal
961,41.1113259217696,59.79401927498943,60.297503847810894,normal
962,42.15389506504949,61.73048104096555,61.76311416088539,normal
963,43.25116832349603,63.14679219701543,63.305616466776875,normal
964,44.39549535809426,64.09585937309522,64.91425464149029,normal
965,45.57889776447566,66.49890931509546,66.57781154608858,normal
966,46.79312469944299,67.94821170511901,68.28468727947842,normal
967,48.02971040697597,70.58776566084774,70.02298009890765,normal
968,49.2800332426384,71.41128352722274,71.78056944233236,normal
969,50.535375784860626,74.26198652318676,73.54520047207355,normal
970,51.78698561399332,75.07957779398677,75.30456954858005,normal
971,53.02613633537264,77.86386066372286,77.04641003672019,normal
972,54.24418842093548,78.98607582110651,78.75857784489573,normal
973,55.43264944518922,80.62055490593336,80.42913609940916,normal
974,56.58323329556195,82.38626421215896,82.0464383629048,normal
975,57.68791794431106,83.97977594433893,83.59920981627883,normal
976,58.73900137919621,85.6684917795816,85.07662583812596,normal
977,59.72915530296055,87.19919145854571,86.46838743443318,normal
978,60.651476227220044,87.6185596186381,87.76479299369005,normal
979,61.49953360452732,88.42953674554839,88.95680586867745,normal
980,62.2674146630267,88.9092511862122,90.03611731571404,normal
981,62.94976563110706,90.8318727157806,90.99520435485584,normal
982,63.54182906462876,92.14803193784479,91.82738215020575,normal
983,64.03947701647384,92.68643232343499,92.52685054783754,normal
984,64.43923981715714,93.13731641959515,93.08873444959085,normal
985,64.73833026583581,93.36141544030001,93.50911774386566,normal
986,64.93466306305419,93.5151410466687,93.78507055923812,normal
987,65.02686934973644,93.79502437174654,93.91466965293105,normal
988,65.01430625105904,94.06107012960425,93.89701179359975,normal
989,64.89706135866172,92.98796195893654,93.73222004621908,normal
990,64.67595211994666,93.7288801362454,93.42144291577736,normal
991,64.35252013872356,92.3517125959461,92.96684635567513,normal
992,63.929020426937385,92.3048534468912,92.37159869588363,normal
993,63.40840568241697,91.37222792437062,91.6398485947227,normal
994,62.79430570226264,90.62083957458357,90.77669616625735,normal
995,62.091002075405086,89.3462442932386,89.78815748247537,normal
996,61.303398330782464,88.1936743952719,88.68112269528363,normal
997,60.43698574926712,87.36487800867656,87.4633080676471,normal
998,59.49780507770531,85.68430299820523,86.14320224558226,normal
999,58.49240441200514,85.76556524736934,84.73000714292043,normal
1000,57.42779354291772,83.05599574546179,83.23357384848464,normal
1001,56.31139508281864,81.3852829063443,81.66433400030309,normal
1002,55.15099271424072,79.79895500081726,80.03322710345293,normal
1003,53.95467692097647,77.89705705659348,78.3516242968463,normal
1004,52.73078858012008,75.59252439536995,76.63124909950893,normal
1005,51.48786080833313,74.77337363271364,74.88409568846251,normal
1006,50.23455946778999,73.25042756396526,73.12234527802616,normal
1007,48.97962274660314,70.72109723420442,71.35828118405362,normal
1008,47.73180023498215,69.60356695626622,69.60420316620024,normal
1009,46.49979192189601,67.35910409690631,67.87234164669047,normal
1010,45.292187537561716,66.15665434001295,66.17477240517081,normal
1011,44.11740666467204,64.67175977357394,64.52333234608032,normal
1012,42.983640035915265,63.131154671050176,62.9295369275632,normal
1013,41.89879242706816,61.584851745384086,61.40449982934333,normal
1014,40.87042754381962,59.65860451411002,59.958855421270385,normal
1015,39.90571528658181,58.970594388321594,58.60268457455021,normal
1016,39.0113817609651,57.15311888179468,57.34544433414337,normal
1017,38.193662382451215,56.3401234170764,56.195901943641054,normal
1018,37.45825840222494,55.45582379688347,55.162073683309885,normal
1019,36.81029715727219,54.11941367561958,54.25116894817386,normal
1020,36.25429632188629,52.92426894545592,53.469539956224715,normal
1021,35.79413240982582,53.077846409421774,52.822637437390526,normal
1022,35.43301374673132,51.840187049115514,52.31497261203601,normal
1023,35.17345810124064,51.5706410906523,51.950085723811185,normal
1024,37.35743027361153,54.068167833721084,55.020329565788515,normal
1025,38.48572526014939,56.91266546514379,56.60648181024496,normal
1026,39.63046614371624,59.08538850198242,58.215744218420845,normal
1027,40.79001788510023,60.60120470024871,59.84581759777215,normal
1028,41.96272429066605,61.250963233014666,61.49437304669103,normal
1029,43.14691037790491,63.18775193303018,63.15905528610478,normal
1030,44.34088476782038,65.0481128543213,64.83748602884032,normal
1031,45.54294210073368,66.9000592382485,66.52726738189108,normal
1032,46.75136547205754,68.23657827520384,68.22598527667196,normal
1033,47.964428884559744,69.46543814117366,69.93121292230704,normal
1034,49.18039971361364,71.95463043300997,71.64051427695959,normal
1035,50.39754118191485,73.60666159740107,73.35144753218829,normal
1036,51.614114840129,74.49604940703294,75.06156860529448,normal
1037,52.82838304992772,76.60917600741254,76.76843463461475,normal
1038,54.03861146586634,78.57860332252778,78.46960747271049,normal
1039,55.24307151255825,80.15694765767597,80.16265717241133,normal
1040,56.44004285360785,82.06174415449057,81.84516546068173,normal
1041,57.62781584877587,83.84563573528527,83.5147291953027,normal
1042,58.804693995867105,85.39274312417115,85.16896379938734,normal
1043,59.968996353853136,86.75230290855178,86.80550666878631,normal
1044,61.119059943768946,87.84823277405862,88.42202054748435,normal
1045,62.25324212395412,90.27103223624678,90.01619686613854,normal
1046,63.36992293624641,92.17184285435927,91.58575903897022,normal
1047,64.46750741977611,93.9567829155817,93.12846571428669,normal
1048,65.54442788905678,94.62303045815125,94.64211397398326,normal
1049,66.59914617311833,96.10437814006424,96.12454247745625,normal
1050,67.63015581248449,98.17857068070435,97.57363454544316,normal
1051,68.63598421085648,99.58899385893555,98.98732117940109,normal
1052,69.6151947384298,100.50196350846834,100.36358401213269,normal
1053,70.5663887838399,101.99569815402754,101.700458185474,normal
1054,71.48820775180577,102.66944050525464,102.9960351509717,normal
1055,72.37933500361862,104.48929540763979,104.24846538959129,normal
1056,73.23849773770347,105.1018980393963,105.4559610466219,normal
1057,74.06446880756826,106.549888354758,106.61679847806941,normal
1058,74.8560684745433,107.67165783756967,107.72932070496108,normal
1059,75.61216609280808,108.58842736734759,108.79193977212176,normal
1060,76.3316817242983,108.90659098270221,109.80313900812224,normal
1061,77.01358768118706,110.40708346462617,110.76147518324433,normal
1062,77.65690999373642,111.80021896903297,111.66558056245565,normal
1063,78.26072980142347,112.48255748724188,112.51416485053959,normal
1064,78.82418466535339,113.13401939753135,113.30601702668024,normal
1065,79.34646980008532,114.21486404482901,114.04000706595959,normal
1066,79.82683922311149,114.9996077625739,114.71508754538745,normal
1067,80.26460682034781,115.68178937522227,115.33029513224457,normal
1068,80.65914732611415,115.53810506068255,115.88475195268879,normal
1069,81.00989721620438,116.3802961777031,116.3776668387384,normal
1070,81.31635551277095,116.66082931679992,116.80833645192057,normal
1071,81.57808449987407,116.79899106022401,117.17614628203997,normal
1072,81.79471034867353,116.84252189696318,117.48057151969931,normal
1073,81.96592365137046,117.67284133093496,117.7211778013764,normal
1074,82.09147986313594,117.52250607178557,117.89762182603705,normal
1075,82.17119965139572,118.91093869245596,118.00965184244133,normal
1076,82.20496915197175,118.00850610325314,118.05710800647707,normal
1077,82.19274013171503,117.93822045791994,118.0399226080315,normal
1078,82.13453005739723,117.78337489032964,117.95812016709303,normal
1079,82.03042207076285,118.59584696460486,117.81181739894942,normal
1080,81.88056486977736,117.1969446627596,117.60122304853232,normal
1081,81.68517249624126,117.25169736226772,117.32663759413309,normal
1082,81.44452403007301,116.65679578019211,116.98845282089427,normal
1083,81.15896319069775,116.52752902366848,116.58715126466089,normal
1084,80.82889784611118,116.10116333365458,116.12330552695059,normal
1085,80.45479943031955,116.05401712287112,115.59757746198079,normal
1086,80.03720226998813,114.40634417161071,115.01071723686545,normal
1087,79.57670282125977,114.34768987752688,114.36356226627065,normal
1088,91.17152394528597,130.27594589659125,130.6571320053262,stuck
1089,91.63528647958034,130.19737838492867,131.30878632178644,stuck
1090,91.75581298990922,131.42691995862265,131.47814312525304,stuck
1091,91.5321098709996,131.65256336387256,131.16380838719562,stuck
1092,90.96602130300676,130.16395115786455,130.36836950318818,stuck
1093,90.0622140483267,128.31243141661767,129.0983741651228,stuck
1094,88.82813897939856,127.4695253479236,127.36427688492915,stuck
1095,87.2739696546568,125.2065575337802,125.18035358094224,stuck
1096,85.41251844900495,122.97940434368188,122.5645848855853,stuck
1097,83.25913093022115,119.91540016153147,119.53850907809868,stuck
1098,80.83155935204253,116.00594959583583,116.12704578743715,stuck
1099,78.14981630683579,112.5198029325723,112.35829184676066,stuck
1100,75.23600974432247,107.49722721394775,108.26329091045383,stuck
1101,72.11416071644402,104.3384020982702,103.8757786653951,stuck
1102,68.81000535085442,99.30317246819067,99.23190567806057,stuck
1103,65.35078268554628,94.82051105953826,94.3699401156241,stuck
1104,61.76501011367437,89.77102613570656,89.32995275999151,stuck
1105,58.08224828978154,84.025123143057,84.15348689614635,stuck
1106,54.33285743550972,78.81301891143607,78.88321579779327,stuck
1107,50.54774705378123,73.18646869558192,73.56259065173633,stuck
1108,46.75812111477486,67.35678589054879,68.23548185565467,stuck
1109,42.995220814351235,62.88298483184934,62.945816690221534,stuck
1110,39.290067025594304,57.794849196329544,57.73721640458498,stuck
1111,35.67320456666584,52.18750516585837,52.65263576330566,stuck
1112,32.17445039319655,48.02705645150879,47.734008082689144,stuck
1113,28.822647791083458,43.056260239336034,43.02189873535329,stuck
1114,25.645428596097155,43.056260239336034,38.55517002466763,stuck
1115,22.668985400530477,43.056260239336034,34.37066022669734,stuck
1116,19.917855624787762,43.056260239336034,30.502879468214253,stuck
1117,17.414719234001545,43.056260239336034,26.983724957266208,stuck
1118,15.18021176727487,43.056260239336034,23.842217910031312,stuck
1119,13.23275422091281,43.056260239336034,21.10426432667749,stuck
1120,11.58840118806399,43.056260239336034,18.792441562189826,stuck
1121,10.260708506689667,43.056260239336034,16.925812418070173,stuck
1122,9.260621506954188,43.056260239336034,15.519768249782409,stuck
1123,8.596384779310299,43.056260239336034,14.58590234496165,stuck
1124,8.273474207140737,43.056260239336034,14.131914580677615,stuck
1125,8.294551824269675,43.056260239336034,14.161548116153496,stuck
1126,8.659443869493344,43.056260239336034,14.67455862181727,stuck
1127,9.36514221904536,43.056260239336034,15.666716287737005,stuck
1128,10.405829185187763,43.056260239336034,17.129840595584135,stuck
1129,11.772925476491224,43.056260239336034,19.051867579431015,stuck
1130,13.455160924426082,43.056260239336034,21.416949043078557,stuck
1131,15.438667393203126,43.056260239336034,24.205582946454044,stuck
1132,17.707093106926983,43.056260239336034,27.394773922278358,stuck
1133,20.241737451563868,43.056260239336034,30.958222638216714,stuck
1134,23.021705140433262,43.056260239336034,34.86654248084425,stuck
1135,26.024078472302275,43.056260239336034,39.08750180794955,stuck
1136,29.22410626200994,43.056260239336034,43.586289797142655,stuck
1137,32.59540788609971,43.056260239336034,48.32580371376856,stuck
1138,36.11019076133557,43.056260239336034,53.26695523222354,stuck
1139,39.73947946323507,43.056260239336034,58.36899327440688,stuck
1140,43.45335459579549,43.056260239336034,63.589840679666914,stuck
1141,47.22119944320238,43.056260239336034,68.88644189449393,stuck
1142,51.01195237015313,43.056260239336034,74.21511876940042,stuck
1143,54.79436289004144,43.056260239336034,79.53193147660951,stuck
1144,58.537249290007345,43.056260239336034,84.79304151657887,stuck
1145,62.209755689025144,43.056260239336034,89.95507376480589,stuck
1146,65.78160640987574,43.056260239336034,94.97547452301184,stuck
1147,69.22335556799122,43.056260239336034,99.812862580374,stuck
1148,72.50662981959518,43.056260239336034,104.42737036014312,stuck
1149,75.60436226795184,43.056260239336034,108.78097232338901,stuck
1150,78.49101559943159,43.056260239336034,112.83779792302434,stuck
1151,81.14279260988779,43.056260239336034,116.56442654554456,stuck
1152,74.60524968897806,107.15110958439591,107.37681837994118,normal
1153,72.84719449475028,104.38699223998786,104.90601180799906,normal
1154,70.89865793526064,102.60647843629026,102.16744951124566,normal
1155,68.77588532693954,99.21154150017672,99.18395044926548,normal
1156,66.49657462498521,95.46272474999542,95.98037663842518,normal
1157,64.07972887217667,92.12740815322354,92.58342635867773,normal
1158,61.54549776692561,88.85706456517424,89.02141196078453,normal
1159,58.91500967144421,85.73061850313113,85.32402410981626,normal
1160,56.21019546060849,81.40101201198479,81.52208442080159,normal
1161,53.453605680122344,77.92334534427772,77.6472885464276,normal
1162,50.66822253836915,74.42900666590711,73.73194186339038,normal
1163,47.877268299410275,70.34409512273515,69.80868997215883,normal
1164,45.104011674594176,66.51657355224594,65.91024627356596,normal
1165,42.3715738269257,62.58869954186144,62.06911891404544,normal
1166,39.70273560557371,57.63891126153549,58.31733939903157,normal
1167,37.119747617639376,55.20199580686093,54.68619516086978,normal
1168,34.64414472065235,51.34453681727569,51.205968333684865,normal
1169,32.296566482406064,47.85321567114256,47.90568293345128,normal
1170,30.09658510499225,44.35539033248154,44.812862567715975,normal
1171,28.06254224766437,41.2831052483202,41.95330070699398,normal
1172,26.211396108968604,38.88221707169881,39.35084543996545,normal
1173,24.558580043047357,37.01818982074011,37.02720050858971,normal
1174,23.117873888857915,34.50612768545055,35.00174427859223,normal
1175,21.90128908505872,32.947003726787145,33.29136814702473,normal
1176,20.91896852838213,31.650226667983347,31.91033572334521,normal
1177,20.17910201039332,31.151289817130202,30.870163945309546,normal
1178,19.687857937654854,30.055029179548736,30.179527107486923,normal
1179,19.449331904559024,29.7826507922376,29.844184589934912,normal
1180,19.46551254758568,30.42629654994237,29.866932878969457,normal
1181,19.736264965665224,30.11209168725183,30.247582272455716,normal
1182,20.259331844874257,31.23570075183724,30.982958459988403,normal
1183,21.030352278087054,31.62099273848215,32.06692896505159,normal
1184,22.042898122679933,33.62927822038471,33.4904542330513,normal
1185,23.28852759316748,35.292070672817644,35.241662947306494,normal
1186,24.756855641958687,37.37990507474482,37.30595095599427,normal
1187,26.435640541455438,39.469399956919396,39.66610299804068,normal
1188,28.310885945642003,41.867760947648115,42.30243622645216,normal
1189,30.366957580258905,45.066631963794684,45.192964345073015,normal
1190,32.58671358869316,48.11620366022146,48.31358100076917,normal
1191,34.95164744686664,52.074107423226764,51.638260909153935,normal
1192,37.44204225561422,55.522174167652864,55.13927703979105,normal
1193,40.03713512418709,58.280413625034356,58.787432047923616,normal
1194,42.71529027438498,62.816887945392246,62.55230201573242,normal
1195,45.45417942211548,66.20015417542162,66.40249045837842,normal
1196,48.230967932505585,70.49944920244513,70.30589045996027,normal
1197,51.02250519655496,74.02684632797528,74.22995273316,normal
1198,53.80551764212511,77.5212102550776,78.1419573446923,normal
1199,56.55680277009543,82.43791775575957,82.0092868173828,normal
1200,59.25342259797004,85.99046284317761,85.79969830918019,normal
1201,61.872894898159736,88.96463477087691,89.48159257974804,normal
1202,64.39338063654938,92.22653698436703,93.02427748628709,normal
1203,66.79386604864018,96.17290431834293,96.39822380141348,normal
1204,69.05433783526352,99.07684526791665,99.57531121649197,normal
1205,71.15595001722704,102.37557427856795,102.52906248279082,normal
1206,73.08118105779403,105.49647773147309,105.234863748963,normal
1207,74.8139799430364,108.28978492905048,107.67016927529241,normal
1208,76.33990000216224,109.66420071318264,109.81468884137854,normal
1209,77.64621935213205,112.23148223923518,111.65055631290491,normal
1210,78.72204696239467,113.65356326198521,113.16247799325946,normal
1211,79.55841345546108,114.15463443794387,114.33785955547935,normal
1212,80.14834588629438,114.46381050180686,115.16691052774578,normal
1213,80.48692587706648,116.00274427744073,115.64272549000488,normal
1214,80.5713306226007,116.01879270832369,115.7613413288486,normal
1215,80.40085642463035,116.5150047694061,115.52177009126203,normal
1216,33.943834631917845,49.780594298851526,50.22145818239175,normal
1217,31.29372535165225,46.57894127572043,46.4958529429432,normal
1218,28.979176933919835,43.12826636179988,43.241955596693934,normal
1219,27.041708701943943,41.25485292266826,40.51815218640844,normal
1220,25.516075759200493,38.613647134085284,38.37331683836708,normal
1221,24.42964553805107,35.557676975206796,36.8459347831589,normal
1222,23.80190687146454,36.54387477547959,35.96341195198941,normal
1223,23.64412039430085,35.36186384935625,35.741583425103514,normal
1224,23.959116545403035,36.51544911217735,36.18442945321158,normal
1225,24.741244794018964,37.08560593883674,37.28400408224779,normal
1226,25.976475001350234,39.1278001291552,39.02057764484957,normal
1227,27.642649098963066,41.635398734058434,41.362990595988876,normal
1228,29.70987856935008,44.355843053431975,44.26921242226656,normal
1229,32.14108059847278,47.28978840499412,47.687095702158004,normal
1230,34.89264328255981,52.1508420148826,51.555311896915434,normal
1231,37.91520795640691,55.977554215369445,55.80445216927244,normal
1232,41.15455460945161,60.357082160497846,60.358273520826216,normal
1233,44.55257450666386,65.43902095495048,65.13506786972903,normal
1234,48.04831256697868,69.8296631404956,70.04912941619696,normal
1235,51.579060800656784,75.81432564582923,75.01229381708293,normal
1236,55.08148319104318,80.03717150775564,79.93552135683552,normal
1237,58.49275184213149,84.89167790185127,84.73049549399168,normal
1238,61.75167401125053,89.46477679494882,89.31120790000696,normal
1239,64.79978980969696,93.21784182419806,93.59550139603071,normal
1240,67.58242088030687,97.0186619299694,97.50654302333442,normal
1241,70.04965124035687,101.07337484712546,100.97420083024419,normal
1242,72.15722269503001,104.09263865830303,103.93629978566618,normal
1243,73.86732875915085,106.91527436808872,106.33973448957332,normal
1244,75.14929284549467,108.33967603315774,108.14141898997454,normal
1245,75.98011855404935,108.85763401305634,109.30905697568456,normal
1246,76.3449021909144,110.05176584572268,109.82171883513968,normal
1247,76.2371001169032,110.02730169452954,109.67021549485581,normal
1248,75.65864613003905,109.28847078307378,108.85726252027169,normal
1249,74.61991677628937,107.5463217856062,107.39743162251183,normal
1250,73.1395452108085,104.80980282549237,105.31689041489963,normal
1251,71.24408694872291,103.15091972753088,102.65293495171882,normal
1252,68.96754350135836,99.15275100097102,99.45332320732444,normal
1253,66.35075244311993,96.02555296711871,95.77542116328407,normal
1254,63.44065485025492,91.02984887132227,91.6851765095108,normal
1255,60.2894532524853,87.58657586981172,87.2559380746647,normal
1256,56.95367520251952,82.24413649478372,82.5671419221553,normal
1257,53.49315926151994,78.16749121916217,77.70288752164385,normal
1258,49.969981590336474,73.50249243102036,72.75042947527109,normal
1259,46.44734240175459,68.29986285974994,67.79861189161288,normal
1260,42.98843224903706,62.45148694827442,62.936273615790476,normal
1261,39.65529848774171,57.860169495861534,58.25065310979169,normal
1262,36.507732244691326,53.46621831975558,53.82582181504767,normal
1263,33.60219586010342,50.02816253430936,49.741174316688124,normal
1264,30.990810042866432,46.223192853023896,46.07000257783214,normal
1265,28.72041890778746,42.95236222839577,42.87817994914234,normal
1266,26.83174966655855,40.360734202806846,40.22297862246047,normal
1267,25.358682046252145,38.40375388340995,38.15204173625442,normal
1268,24.327640540816475,36.984357353987114,36.70252851037377,normal
1269,23.757120397615072,36.62008512870116,35.90044764784612,normal
1270,23.65735584205863,35.74333861458174,35.760190853342955,normal
1271,24.03013649185254,36.376725042372065,36.28427474249309,normal
1272,24.86877525409712,36.686866568018445,37.46329571317382,normal
1273,26.15822828111543,38.72385625178546,39.27609857756356,normal
1274,27.875364833191757,41.403517455269835,41.690155969373926,normal
1275,29.989382207311444,44.16735925142607,44.66215180137667,normal
1276,32.46235828874008,48.2370984223679,48.13875841188868,normal
1277,35.249931813543085,52.501698900349716,52.057593564395724,normal
1278,38.30209813921717,56.16924279381438,56.34834021253463,normal
1279,41.56410624857209,60.73348587218486,60.934008974489515,normal
1280,23.15739356641376,35.240327535126085,35.05730422317259,normal
1281,23.91551752119017,36.25285268681346,36.12313458885683,normal
1282,24.749228252405594,37.4430004080492,37.29522781308922,normal
1283,25.65610985985169,38.89469941151997,38.570186482200725,normal
1284,26.633534411102545,39.959535118795245,39.94431499600267,normal
1285,27.678669556653,41.47597847279604,41.413630278021316,normal
1286,28.78848673741014,43.717454685458726,42.97387332053226,normal
1287,29.95976996075466,44.60244883786391,44.62052153118051,normal
1288,31.189125119741146,46.6863675934232,46.34880184560388,normal
1289,32.47298982843216,48.17719812721287,48.15370456820524,normal
1290,33.80764374486609,49.837171240303746,50.0299979010476,normal
1291,35.18921935174459,51.77957499181395,51.97224311878482,normal
1292,36.61371316360018,53.62879018640383,53.97481034559896,normal
1293,38.076997327967995,56.03668226428424,56.031894888296,normal
1294,39.57483158694413,57.8824453698509,58.13753407802737,normal
1295,41.10287556446909,60.106773408622814,60.28562457156014,normal
1296,42.65670134373019,62.98380542296134,62.46994006161717,normal
1297,44.23180629823686,64.62734623096713,64.68414934456459,normal
1298,45.82362613938719,67.40220746353266,66.92183469263217,normal
1299,47.42754814271706,69.28793221077981,69.17651047692735,normal
1300,49.038924514505084,71.80456003950219,71.44164198674314,normal
1301,50.65308586000003,73.45230992496623,73.7106643900705,normal
1302,52.26535471424332,76.03830588059093,75.97700177981001,normal
1303,53.87105909627676,79.34478992631595,78.23408624993468,normal
1304,55.465546047459114,80.82331267548018,80.4753769457894,normal
1305,57.04419511466039,83.11639477737631,82.69437903282304,normal
1306,58.60243173926259,84.98169581718572,84.88466252833123,normal
1307,60.13574051316905,87.40001922575499,87.0398809412476,normal
1308,61.63967826340904,88.66191844117702,89.15378966564654,normal
1309,63.10988692742188,90.85945794844558,91.22026407441844,normal
1310,64.54210618171084,93.41213318292972,93.23331726053546,normal
1311,65.93218578727175,95.53079422684206,95.18711737444353,normal
1312,67.27609761602261,96.90065075858973,97.07600450738666,normal
1313,68.56994732338381,98.81282202888566,98.89450707188726,normal
1314,69.80998563318491,100.48195860385079,100.63735763216344,normal
1315,70.99261920219683,102.21723982538111,102.29950813895675,normal
1316,72.11442103280666,103.36649752545323,103.87614452506197,normal
1317,73.17214040366123,104.75475782619681,105.36270061978645,normal
1318,74.16271228950329,106.71644410062125,106.75487134261633,normal
1319,75.0832662429033,107.31146190966574,108.04862513851721,normal
1320,75.93113471214997,108.82291389763051,109.24021561954446,normal
1321,76.70386077119585,110.04280307232578,110.32619237977295,normal
1322,77.39920523925906,110.85403430040046,111.30341095297108,normal
1323,78.01515316944925,112.26376837158304,112.16904188492965,normal
1324,78.54991968761625,112.7262339848937,112.92057889491,normal
1325,79.00195516450106,113.51504324182108,113.55584610328359,normal
1326,79.36994970620172,113.6397124596181,114.07300430509603,normal
1327,79.65283694994197,114.14985758124256,114.47055627199288,normal
1328,79.84979715414296,114.9552461052841,114.74735106768463,normal
1329,79.96025957384418,115.04708941316409,114.90258736490274,normal
1330,79.98390411458989,114.73054606676885,114.93581575459218,normal
1331,79.9206622599885,114.99087317918391,114.84694004090511,normal
1332,79.77071727025725,114.70542584646134,114.63621751838701,normal
1333,79.53450365117656,114.36116654531423,114.3042582305829,normal
1334,79.21270589499323,114.51393110644365,113.85202321213,normal
1335,78.80625649692061,113.10069163912115,113.28082171923366,normal
1336,78.31633325298404,112.75778195416626,112.59230745625149,normal
1337,77.74435584704118,111.95448797182745,111.78847380891354,normal
1338,77.09198173686784,110.76085027575131,110.87164809749682,normal
1339,76.36110135122983,109.3407813134618,109.84448486602874,normal
1340,75.55383261185928,108.98858093262443,108.70995822632065,normal
1341,74.67251479620897,107.56863119658456,107.47135327831678,normal
1342,73.71970175876903,106.13959401008326,106.13225663088129,normal
1343,72.69815453058958,104.69231867566005,104.69654604973219,normal
1344,32.582215349502356,47.53076953548164,48.3072572363935,normal
1345,31.976644183149435,47.42831481711965,47.455925357077305,normal
1346,31.397306596322274,45.99323589432724,46.64147144477094,normal
1347,30.845045833686886,45.69888452402571,45.86508127582875,normal
1348,30.320665728712616,45.411355262690705,45.1278852091161,normal
1349,29.824929533666435,44.3028847179146,44.43095653994414,normal
1350,29.358558808674463,43.55381248459129,43.77530993718938,normal
1351,28.92223237146783,43.35885892000569,43.161899965864265,normal
1352,28.51658530934137,42.45794520142249,42.591619697278965,normal
1353,28.142208054763465,41.87276854412426,42.06529940880673,normal
1354,27.79964552598245,41.3969728535595,41.58370537513391,normal
1355,27.48939633388036,41.76400168319858,41.14753875274252,normal
1356,27.211912056228652,41.016067623882265,40.757434559236984,normal
1357,26.967596580402073,40.59489037308795,40.41396074898951,normal
1358,26.75680551550747,39.5934465422791,40.117617386437985,normal
1359,26.5798456747832,40.1074065215156,39.8688359182295,normal
1360,26.436974629022494,39.09972623804074,39.667978545258755,normal
1361,26.328400331670814,39.69424839939892,39.51533769550701,normal
1362,26.254280816142863,38.91689640989211,39.41113559844091,normal
1363,26.214723965799806,40.15503236441768,39.35552396158461,normal
1364,26.209787356921538,38.614164091990155,39.348583749730864,normal
1365,26.239478174902555,39.88108429842325,39.39032506710932,normal
1366,26.303753203793356,39.79376103533394,39.48068714268127,normal
1367,26.402518889202693,38.845835789039306,39.619538418582565,normal
1368,26.53563147446898,39.680010250810675,39.80667674158686,normal
1369,26.70289720990282,40.62565193734102,40.041829657313706,normal
1370,26.904072634795952,40.77831334289588,40.32465480675776,normal
1371,27.138864931786213,39.92972868940327,40.65474042456774,normal
1372,27.40693235306272,40.786578382820494,41.03160593835724,normal
1373,27.707884717790925,40.93389470296106,41.45470266818331,normal
1374,28.041283980033423,41.46530209820262,41.92341462518462,normal
1375,28.406644866340105,42.140148962951166,42.4370594082266,normal
1376,28.80343558207939,43.745165255844086,42.99488919725991,normal
1377,29.231078585482592,43.62590571003589,43.59609184195751,normal
1378,29.688951428274656,44.11800058555044,44.239792044057616,normal
1379,30.17638766166791,44.75723147713807,44.92505263170364,normal
1380,30.69267780639987,45.90503762231384,45.650875923936894,normal
1381,31.23707038540335,46.68079120586651,46.41620518336783,normal
1382,31.808773017605713,46.805368097734856,47.2199261549211,normal
1383,32.40695357126528,48.65269587071354,48.060868688424236,normal
1384,33.030741375166066,48.45410953017653,48.93780844268629,normal
1385,33.679228485908,49.705496500787774,49.84946866859271,normal
1386,34.35147100944804,50.95734521535733,50.79452206862643,normal
1387,35.046490474968614,52.465804072569135,51.77159273011169,normal
1388,35.763275259073595,52.60599412188417,52.77925812936833,normal
1389,36.500782058239096,53.90931427825965,53.81605120385883,normal
1390,37.257937407375465,55.402402850620796,54.88046248930897,normal
1391,38.033639242290775,56.20642305429835,55.97094231868726,normal
1392,38.826758503780866,57.53385961838289,57.08590307983426,normal
1393,39.636140781011754,58.63416943283784,58.22372152844709,normal
1394,40.46060799180209,59.46491406099624,59.38274115304044,normal
1395,41.298960097359924,60.79986676513732,60.5612745884277,normal
1396,42.14997684897825,62.11673448803628,61.75760607419402,normal
1397,43.012419564146526,62.93083305560479,62.96999395456408,normal
1398,43.88503292949338,64.84327324073344,64.19667321600694,normal
1399,44.76654682793579,64.57081125480913,65.43585805886218,normal
1400,45.655678187375976,66.27003973042241,66.68574449922234,normal
1401,46.5511328482543,68.52599834962784,67.94451299725972,normal
1402,47.45160744724063,69.36300741245978,69.21033110814724,normal
1403,48.35579131432193,70.18238073661095,70.48135615168925,normal
1404,49.26236838052502,71.88784911933665,71.75573789675055,normal
1405,50.170019093497714,73.46261059025935,73.03162125655037,normal
1406,51.0774223381601,74.04417308837606,74.30714899087191,normal
1407,51.98325735963043,75.87711349061107,75.58046441122988,normal
1408,37.767593494543185,56.03866704131546,55.59693630732564,normal
1409,36.5824983344801,53.43175611034515,53.93092838344682,normal
1410,35.41911528713558,52.113502203898264,52.29543397814729,normal
1411,34.27932693128536,50.94558016400683,50.693100467438725,normal
1412,33.16497766493098,48.58553719243083,49.1265215631534,normal
1413,32.0778707207071,46.9046678485818,47.598233110148946,normal
1414,31.01976524790235,46.32382551967302,46.11070897760573,normal
1415,29.992373465815554,44.640202239846815,44.6663570510993,normal
1416,28.997357893053746,43.17867056907541,43.267515331956275,normal
1417,28.03632865725552,41.949712246749904,41.91644815022161,normal
1418,27.110840889593103,40.17860391827804,40.61534249737039,normal
1419,26.22239220826937,40.56800052587794,39.36630448469708,normal
1420,25.37242029508187,37.72959696666441,38.17135593310134,normal
1421,24.562300568975726,36.822121663148835,37.03243109977115,normal
1422,23.7933439603497,35.32511676700315,35.95137354703353,normal
1423,23.066794789717278,34.72783478851174,34.92993315840767,normal
1424,22.38382875415543,34.58674759236085,33.96976330665097,normal
1425,21.745551024799344,33.05368556541014,33.072418178337756,normal
1426,21.152994458461784,32.46350209364496,32.239350259253136,normal
1427,20.60711792627101,31.241312409479228,31.471907984621357,normal
1428,20.10880476203184,31.509301802099525,30.771333557919455,normal
1429,19.658861332820717,30.181165540142555,30.138760941753016,normal
1430,19.2580157341278,29.0220114565804,29.575214023992924,normal
1431,18.906916611657675,29.379644851742018,29.081604962089173,normal
1432,18.606132111695135,28.476131795344077,28.65873270819174,normal
1433,18.356148961734615,28.53656139179644,28.307281717419126,normal
1434,18.157371682860955,28.059796353285016,28.027820841322374,normal
1435,18.01012193515608,27.905201880511715,27.8208024082977,normal
1436,17.914637997190724,27.717435572499152,27.68656149240327,normal
1437,17.871074380443694,27.21667813865464,27.625315371737642,normal
1438,17.87950157927233,26.97684610855223,27.637163177235717,normal
1439,17.939905956839063,28.106843730453573,27.722085732438188,normal
1440,18.052189767178422,27.795963054628345,27.879945584487277,normal
1441,18.21617131336894,28.204089786157184,28.11048722630011,normal
1442,18.43158524155388,28.190807099410225,28.413337509568287,normal
1443,18.698082970335115,27.90777737939262,28.788006247930596,normal
1444,19.01523325484525,28.668376956531727,29.233887009365066,normal
1445,19.38252288458521,30.311760821161712,29.75025809654593,normal
1446,19.799357513898116,29.978026572102497,30.336283713613533,normal
1447,20.26506262373546,30.802508002672752,30.991015317508115,normal
1448,20.778884613159416,31.06737012806924,31.71339315172446,normal
1449,21.339992018814893,32.25242371916017,32.50224796005274,normal
1450,21.9474768603981,33.171789730486594,33.35630287758247,normal
1451,22.60035610994418,34.15321149831828,34.27417549596113,normal
1452,23.29757328255669,35.195670977361914,35.25438009961861,normal
1453,24.038000146004443,36.00124411415293,36.29533006939047,normal
1454,24.82043854641946,37.12522277049394,37.39534044970251,normal
1455,25.64362234714169,38.518830964515196,38.55263067521069,normal
1456,26.506219477572976,39.873350076209086,39.76532745253015,normal
1457,27.40683408872489,40.94332810190992,41.03146779243157,normal
1458,28.34400881197249,43.05565776208465,42.34900218763455,normal
1459,29.316227117358377,43.774018068107516,43.71579793108538,normal
1460,30.321915767631772,45.16909830973126,45.12964256937459,normal
1461,31.359447364050357,46.282953743555076,46.58824748572008,normal
1462,32.4271429798265,48.49368918319492,48.089251606728475,normal
1463,33.523274876955156,49.16965271190372,49.63022522693367,normal
1464,34.64606930202852,50.49723001062238,51.20867394491743,normal
1465,35.793709356511684,52.38161169187777,52.82204270462224,normal
1466,36.964337936836245,54.699591491485755,54.467719935292614,normal
1467,38.15606073955268,55.63101729782177,56.143041783307524,normal
1468,39.36694932668008,58.36156831851824,57.845296429014475,normal
1469,40.595044246291465,59.532642830217604,59.57172848152511,normal
1470,41.83835820328615,60.65048451187334,61.319543444302184,normal
1471,43.094879275217394,62.95960701443357,63.085912244244106,normal
1472,37.51346464214109,53.868476635844985,55.23968254912386,noise increase
1473,38.22764106416275,54.079738547932706,56.24366895850128,noise increase
1474,38.98542739337813,59.13484253107765,57.30895799737272,noise increase
1475,39.78401646160026,61.56699667440284,58.431602597788796,noise increase
1476,40.62044994965619,57.855636720461504,59.60744320703311,noise increase
1477,41.49162934628012,61.171365363377916,60.832123206430275,noise increase
1478,42.394327426338734,63.58845222361544,62.101105060878886,noise increase
1479,43.32520020586843,66.79529873687082,63.40968713916095,noise increase
1480,44.28079932963765,60.601826704449316,64.75302114256316,noise increase
1481,45.25758484534547,66.21292974731496,66.12613007706335,noise increase
1482,46.25193831713547,68.45132342528133,67.52392670229617,noise increase
1483,47.26017622984653,66.31956662469963,68.9412323887225,noise increase
1484,48.27856363434547,70.90149342544828,70.37279631290075,noise increase
1485,49.30332798339352,71.98939231537868,71.81331491949256,noise increase
1486,50.330673106792275,74.31088970894947,73.25745157764563,noise increase
1487,51.35679327403929,73.5721746955052,74.69985635867914,noise increase
1488,52.37788729239938,76.67677333184001,76.13518586155888,noise increase
1489,53.39017258816584,76.39111504436146,77.55812301249236,noise increase
1490,54.389899218948806,79.81810967636312,78.96339676509479,noise increase
1491,55.373363765083184,80.45252951915684,80.34580162798079,noise increase
1492,56.33692304869624,80.91310778819772,81.7002169473146,noise increase
1493,57.27700762961347,80.49991253161832,83.02162587280456,noise increase
1494,58.19013502810831,86.89796716737978,84.30513393685202,noise increase
1495,59.072922625512625,87.23873824418294,85.54598717804865,noise increase
1496,59.92210019489869,88.04955398815764,86.73958974196009,noise increase
1497,60.73452201541366,86.61301117025585,87.88152089412505,noise increase
1498,61.507178525389584,88.22331952220273,88.96755138242936,noise increase
1499,62.237207471060955,92.62292985216601,89.99365908847554,noise increase
1500,62.92190450959021,92.03990582960927,90.95604391024916,noise increase
1501,63.55873322712278,90.27030565822183,91.85114182127072,noise increase
1502,64.14533453476055,92.59489304935879,92.67563805450537,noise increase
1503,64.67953540764715,93.50506206511692,93.42647936257242,noise increase
1504,65.15935693479148,93.61044871900992,94.10088530923194,noise increase
1505,65.58302164980957,92.96479052740415,94.69635855072303,noise increase
1506,65.94896011542859,97.15049510425995,95.2106940692666,noise increase
1507,66.25581673736102,96.47176494326257,95.6419873249135,noise increase
1508,66.5024547860119,95.5063569365508,95.9886412959028,noise increase
1509,66.68796060741687,93.4710163355843,96.24937238178072,noise increase
1510,66.81164700781133,95.29817407500366,96.42321514770124,noise increase
1511,66.87305579929327,96.35276558473359,96.50952589257535,noise increase
1512,66.87195949714939,97.80913907726668,96.50798502803654,noise increase
1513,66.80836216255682,95.65480452798677,96.4185982595369,noise increase
1514,66.68249938753874,97.94734473830898,96.24169656526169,noise increase
1515,66.49483742222968,96.0688187913452,95.97793497293948,noise increase
1516,66.24607144768345,94.24334483182257,95.6282901390137,noise increase
1517,65.937123000622,90.39070511741795,95.19405673901389,noise increase
1518,65.56913655966486,92.5767274847609,94.67684268231041,noise increase
1519,65.14347530568566,91.45180099768292,94.07856316873684,noise increase
1520,64.66171607200076,93.01187105767268,93.40143360880471,noise increase
1521,64.12564350309687,93.06810523939541,92.64796143340628,noise increase
1522,63.53724344353637,94.00823909530699,91.8209368229818,noise increase
1523,62.89869558153045,90.77013576548232,90.92342239010723,noise increase
1524,62.21236537443156,87.89384082454653,89.95874185332363,noise increase
1525,61.48079528605678,92.72846292282853,88.93046774376282,noise increase
1526,60.706695368302576,88.23388285665996,87.84240818971331,noise increase
1527,59.89293322194084,86.13121420815682,86.69859282770423,noise increase
1528,59.04252337378597,84.93884047650715,85.5032578919452,noise increase
1529,58.15861610958419,81.87810152125866,84.2608305370377,noise increase
1530,57.24448580399304,83.9134085667297,82.97591245175478,noise increase
1531,56.30351879088218,82.15419640088182,81.65326282435922,noise increase
1532,55.33920081888856,82.82855523679325,80.2977807223809,noise increase
1533,54.35510413869639,80.63416522913678,78.91448695200009,noise increase
1534,53.3548742698763,78.83947270742821,77.50850546416339,noise increase
1535,52.342216496304644,78.06845590353197,76.08504437629425,noise increase
1536,61.603838924437106,89.05388905343237,89.10341481655085,normal
1537,61.614795398032975,88.5650624413989,89.11881495439852,normal
1538,61.59090354051696,88.99708617500883,89.08523317139623,normal
1539,61.53223503557639,88.83641085404892,89.00277019547693,normal
1540,61.43896590865259,89.12682920641133,88.87167337313196,normal
1541,61.311375998804834,88.65964416007975,88.6923359283294,normal
1542,61.14984811909803,87.63425525271805,88.46529578434745,normal
1543,60.954866908033594,88.17835575435323,88.19123395203009,normal
1544,60.727017375469295,88.44293976698853,87.87097248926348,normal
1545,60.46698314739098,86.70637956875063,87.50547203774853,normal
1546,60.17554441480245,86.75095250895053,87.09582894440615,normal
1547,59.85357559288745,86.62619792985377,86.64327197599124,normal
1548,59.502042697467104,85.56588290370782,86.14915863670491,normal
1549,59.122000446624405,85.35975486993577,85.61497109978335,normal
1550,58.714589096191666,85.04272509011054,85.0423117651948,normal
1551,58.28103101859578,83.85357636940081,84.43289845669858,normal
1552,57.82262703532578,83.89019340566031,83.78855927259937,normal
1553,57.3407525140265,83.26176173965496,83.11122710557312,normal
1554,56.83685324192855,81.84629525450096,82.40293384793368,normal
1555,56.312441087995566,81.6558514506857,81.66580429965926,normal
1556,55.76908946680378,81.33655626276507,80.902049797393,normal
1557,55.208428617763914,80.01925735011848,80.1139615834762,normal
1558,54.63214071384928,79.46750379494229,79.30390393485882,normal
1559,54.04195481450544,78.72582279145851,78.47430707246129,normal
1560,53.439641677884644,77.50919472066575,77.62765987222689,normal
1561,52.82700844796996,77.16193941596566,76.76650239970935,normal
1562,52.2058932325295,76.03711728929801,75.89341829057707,normal
1563,51.57815958816884,74.57475268173032,75.01102699988729,normal
1564,50.94569092902821,74.32443759460227,74.12197594338534,normal
1565,50.31038487590044,73.57633437523977,73.22893255441682,normal
1566,49.674147562724016,72.65710649303509,72.33457628030077,normal
1567,49.03888791753388,71.15349455004204,71.44159054220091,normal
1568,48.40651193502892,70.73049241464128,70.55265468264778,normal
1569,47.778916957940574,70.23377126137804,69.67043592490715,normal
1570,47.15798598436019,68.87977141469177,68.79758136835845,normal
1571,46.54558201810517,68.42163683229664,67.93671004394292,normal
1572,45.943542479074786,67.62480851970354,67.09040505356316,normal
1573,45.353673690366385,66.23209543010097,66.26120581706533,normal
1574,44.77774545869263,65.71688733845161,65.45160045011282,normal
1575,44.217485764360205,64.52854704561533,64.66401829586702,normal
1576,43.67457557674202,64.33877087179255,63.9008226329283,normal
1577,43.150643810798165,63.11379870162543,63.164303581459066,normal
1578,42.64726243977774,62.21282572653168,62.45667122881335,normal
1579,42.165941778765244,61.75761135702862,61.780048995336166,normal
1580,41.70812595322231,61.09449536243892,61.13646726027056,normal
1581,41.27518856612083,60.67792840657764,60.52785726692694,normal
1582,40.868428576667526,60.14147307416311,59.956045325426615,normal
1583,40.48906640298514,58.92089611738694,59.42274733043483,normal
1584,40.1382402604435,58.64446663305108,58.92956361034921,normal
1585,39.817002746626926,58.61972412548091,58.47797412341158,normal
1586,39.52631768318386,58.26250966664008,58.06933401516633,normal
1587,39.26705722403464,57.731700274272264,57.704869550601366,normal
1588,39.039999238613454,58.48762728779462,57.38567443318067,normal
1589,38.84582497799588,57.57636205995935,57.11270652181441,normal
1590,38.68511703091428,56.84699437246098,56.8867849556172,normal
1591,38.558357575793686,57.008804252562314,56.708587695079444,normal
1592,38.46592693405279,57.136553131123506,56.57864948702757,normal
1593,38.408102429010505,56.645674910110145,56.49736025947644,normal
1594,38.38505755382182,55.72350849071953,56.464963951187684,normal
1595,38.39686145093939,56.51797901267493,56.48155777944351,normal
1596,38.44347870466272,56.56450332870928,56.54709194823197,normal
1597,38.52476944739729,57.55753165970691,56.661369797718464,normal
1598,38.64048977930482,56.04615468625967,56.82404839455528,normal
1599,38.79029250008565,57.6846476306168,57.03463956125908,normal
1600,31.064343469880782,46.24743061937672,46.17337883769367,normal
1601,31.348872192035245,47.05126817073347,46.57338050227497,normal
1602,31.695017517641123,47.096657032263536,47.06000456728637,normal
1603,32.101635907311206,48.077829048805896,47.63164301908382,normal
1604,32.5673840404522,48.254254573449906,48.28640692057331,normal
1605,33.09072325311182,48.851614276670674,49.022132653652,normal
1606,33.6699246211698,49.746782387750265,49.83638906968165,normal
1607,34.30307467208005,50.517357317989294,50.72648552446032,normal
1608,34.98808170629424,51.642144334240214,51.6894807712296,normal
1609,35.722682707483074,53.30040872257307,52.722192682411844,normal
1610,36.50445081872664,53.33172770176066,53.82120876801946,normal
1611,37.33080335997484,54.28690715642382,54.982897456027125,normal
1612,38.19901036029136,56.200325294744175,56.20342009745887,normal
1613,39.10620357669363,58.19432787437055,57.47874365652045,normal
1614,40.04938596979377,59.25154943977614,58.80465404381675,normal
1615,41.02544160493643,60.740417571119494,60.176770048537605,normal
1616,42.031145946123786,62.12412921573266,61.5905578234867,normal
1617,43.06317650872013,62.740291023977996,63.04134587496914,normal
1618,44.11812383574355,64.58119645464207,64.52434050785678,normal
1619,45.19250276148289,64.91960747971234,66.0346416746185,normal
1620,46.282763925228934,67.31775377161861,67.5672591757429,normal
1621,47.385305497082875,69.38117761704338,69.11712915780201,normal
1622,48.496485077104005,70.03062799817639,70.67913085440404,normal
1623,49.61263172848627,71.38742251749754,72.24810351447324,normal
1624,50.73005810501016,73.27981254434764,73.81886346167215,normal
1625,51.845072632705595,75.4878634929169,75.38622122835328,normal
1626,52.953991705481684,77.44746896640869,76.94499870719113,normal
1627,54.05315185443346,79.59185254489331,78.49004626360555,normal
1628,55.13892185062265,80.63120907414503,80.01625975224091,normal
1629,56.20771470134923,80.89143745733627,81.51859738111486,normal
1630,57.25599950028232,82.02624489266357,82.99209636758859,normal
1631,58.280313092302045,84.50876148812513,84.43188933104264,normal
1632,59.277271514515675,86.29452130291126,85.83322036805495,normal
1633,60.243581175651336,86.52419798207866,87.19146075697861,normal
1634,61.17604973689635,88.29780513574396,88.50212424008971,normal
1635,62.071596658234,89.58810535870516,89.76088183292313,normal
1636,62.9272633754374,90.99587822661357,90.96357611202666,normal
1637,63.740223074099205,92.04929208905696,92.10623493413499,normal
1638,64.50779002840754,93.42270768519747,93.1850845416887,normal
1639,65.227428473816,94.66342191380524,94.19656201169099,normal
1640,65.89676098429567,95.18923622018825,95.13732700709873,normal
1641,66.5135763264938,96.34323170301995,96.00427279227648,normal
1642,67.07583676485176,97.65846874414326,96.79453647649468,normal
1643,67.5816847935488,97.0984294264266,97.50550845201407,normal
1644,68.02944927303176,97.71759379034556,98.13484099596467,normal
1645,68.4176509508578,98.92062693562295,98.6804560079839,normal
1646,68.74500734861122,99.94794302359202,99.1405518584195,normal
1647,69.01043699874995,99.61088700224838,99.5136093248194,normal
1648,69.21306301738443,100.28694140487738,99.79839659741185,normal
1649,69.35221600118594,99.89222695265555,99.99397333731537,normal
1650,69.42743623885386,100.51495984215414,100.09969377430522,normal
1651,69.43847522983623,99.88053802677814,100.11520883408377,normal
1652,69.38529650528582,100.35538241936483,100.040467288154,normal
1653,69.26807574854023,100.07364981042923,99.87571592256772,normal
1654,69.08720021472732,99.81991803183992,99.62149872500075,normal
1655,68.843267451414,99.89217424520783,99.2786550927917,normal
1656,68.5370833245243,99.33248900463865,98.84831706775631,normal
1657,68.169659356049,98.11408154542076,98.331905606749,normal
1658,67.74220938234139,98.1402204228045,97.73112590007688,normal
1659,67.25614554403965,96.36798147971349,97.04796175297028,normal
1660,66.71307362086313,96.73950967887275,96.28466904836868,normal
1661,66.11478772669491,96.64220959544586,95.4437683122823,normal
1662,65.46326438247634,94.79157463194574,94.52803640592896,normal
1663,64.76065598649416,93.79553051357838,93.54049737171502,normal
1664,37.80202713425045,55.97374825163724,55.645343003917226,normal
1665,37.981189831482645,55.82911048916957,55.89720919390563,normal
1666,38.25162837896579,56.14593728588207,56.277390168251216,normal
1667,38.611288953732725,56.88381614081491,56.782998147010716,normal
1668,39.05744014358014,57.43420770568207,57.410192640495836,normal
1669,39.58669369055046,57.47217977013035,58.1542096291539,normal
1670,40.19503022277405,59.935917128552184,59.00939776080191,normal
1671,40.8778297792532,60.07957113218434,59.96926129035672,normal
1672,41.629906895770155,60.36298395815706,61.02650943590908,normal
1673,42.44554998546219,62.67963561679259,62.17311177613209,normal
1674,43.31856471499104,63.44059042841839,63.40035926797302,normal
1675,44.24232104689027,64.837597493697,64.69893042070831,normal
1676,45.20980359083117,66.40973555124373,66.0589621230829,normal
1677,46.21366488141882,67.14522968574181,67.47012458471966,normal
1678,47.24628117790454,67.7328119981984,68.92169982155849,normal
1679,48.29981036204841,70.4133002652405,70.40266308802168,normal
1680,49.36625149443143,72.0566882059293,71.9017666361221,normal
1681,50.43750557692181,73.88337558711557,73.40762516401911,normal
1682,51.505437059840084,74.64241124569256,74.90880230372585,normal
1683,52.56193562671181,76.33424986834974,76.3938974898844,normal
1684,53.59897778738878,78.07291647279398,77.85163254881272,normal
1685,54.60868781177502,79.19038759758931,79.27093734940573,normal
1686,55.583397541401396,80.58869141596792,80.64103386491512,normal
1687,56.51570462461479,82.11189260168184,81.95151800706816,normal
1688,57.398528733119605,82.8252008461808,83.192438611306,normal
1689,58.225165332939866,85.07532159004472,84.35437297396956,normal
1690,58.989336601442616,85.09224601148605,85.42849836885296,normal
1691,59.68523910373771,86.47455415205131,86.4066590014506,normal
1692,60.30758786637951,87.19500865733478,87.28142789419178,normal
1693,60.85165651365642,87.80000122113277,88.0461632346988,normal
1694,61.31331316165659,88.97309153573535,88.69505876131285,normal
1695,61.689051797515205,89.70183934852322,89.22318780547353,normal
1696,61.976018905536534,90.29264370859151,89.62654065866103,normal
1697,62.17203513798053,90.19945543551113,89.9020549821538,normal
1698,62.27561186593731,89.91034080974168,90.0476390304339,normal
1699,62.28596248459509,90.47766455764364,90.06218751330644,normal
1700,62.203008387044754,89.38776076323948,89.94558997728818,normal
1701,62.027379561253454,89.77057133710616,89.69873164316398,normal
1702,61.76040980567362,89.59470650252089,89.32348669340686,normal
1703,61.404126599821936,89.11115045717919,88.8227040599957,normal
1704,60.96123570675551,87.7642689757527,88.20018581964695,normal
1705,60.43510062438025,86.87815287507415,87.46065835918668,normal
1706,59.82971704164678,87.35907713837969,86.60973652833795,normal
1707,59.149682493624546,85.48597396878506,85.65388105017755,normal
1708,58.40016144590541,83.95274453628765,84.600349510544,normal
1709,57.58684607350102,82.98082969214693,83.45714129637142,normal
1710,56.71591303209514,82.28433952956892,82.232936898912,normal
1711,55.793976549947516,81.47973110951577,80.93703204074197,normal
1712,54.8280381966899,79.62237252652066,79.57926712498492,normal
1713,53.82543371049002,78.71982323707054,78.16995254101501,normal
1714,52.79377728740054,76.8580736030213,76.71979039273353,normal
1715,51.740903755983034,75.48090599471435,75.23979324307963,normal
1716,50.674809076356674,74.19785288229174,73.74120049151067,normal
1717,49.60358961554663,72.11760365982055,72.23539301956697,normal
1718,48.53538066030095,70.8988965636989,70.73380675316976,normal
1719,47.47829463433453,69.12382656067422,69.24784579885284,normal
1720,46.44035948920457,67.55908663732215,67.7887958146376,normal
1721,45.42945773670291,66.68296378597472,66.36773827467427,normal
1722,44.453266585778366,64.68694929406479,64.99546628010738,normal
1723,43.51919963861441,63.753420757380226,63.68240255692635,normal
1724,42.634350588646456,62.14151280908283,62.43852026492785,normal
1725,41.80543934809933,61.27169424397705,61.27326722047865,normal
1726,41.03876101417506,60.00840848684781,60.19549410970353,normal
1727,40.34013806146281,59.70955126882339,59.21338723824268,normal
1728,48.67105731035012,69.73425045930176,70.9245286287991,normal
1729,47.78628007774879,69.23898997363732,69.68078638271031,normal
1730,46.91046690853882,67.32112980854421,68.44963811049188,normal
1731,46.047164251703634,67.25898465136511,67.23606950324456,normal
1732,45.19986789714147,66.25465778143294,66.04499513247802,normal
1733,44.37200882008877,65.17652197417104,64.8812385403415,normal
1734,43.56693928799869,63.88555359103233,63.74951269792338,normal
1735,42.787919286132954,62.30854893943166,62.65440091096364,normal
1736,42.03810331683384,62.360782959828036,61.600338250498666,normal
1737,41.32052762593041,60.740519471254835,60.591593583817634,normal
1738,40.63809790800341,59.54170195594186,59.63225227865982,normal
1739,39.99357754029409,58.27200490427938,58.72619965083302,normal
1740,39.38957639290168,58.07236839578301,57.87710522239933,normal
1741,38.82854026058066,56.89840504676881,57.088407854267594,normal
1742,38.31274095893173,56.19001828692113,56.363301813466116,normal
1743,37.84426712509038,55.807804919699095,55.704723831561076,normal
1744,37.42501576016393,55.22240201064492,55.11534120665179,normal
1745,37.05668454766432,54.265876991971936,54.597540997128675,normal
1746,36.74076497904208,54.69607734385447,54.15342035094414,normal
1747,36.47853631415806,53.37560509322207,53.78477800953646,normal
1748,36.27106040114916,53.035022393908655,53.493107020782766,normal
1749,36.119177376663956,53.42192836405927,53.27958869045667,normal
1750,36.02350226387945,53.21080662248946,53.1450877966514,normal
1751,35.98442248207455,53.13115991081794,53.090149086517535,normal
1752,36.002096277844906,52.95245302012056,53.11499506947727,normal
1753,36.07645208431159,53.24803404907845,53.21952511583614,normal
1754,36.20718881091839,53.1760851420099,53.40331586443487,normal
1755,36.39377706264423,52.980184395126614,53.66562293769403,normal
1756,36.63546128369377,54.32516603911737,54.00538395711899,normal
1757,36.931262816985594,54.003240972446676,54.42122284707561,normal
1758,37.27998386704924,54.8240516382794,54.91145540943597,normal
1759,37.68021235028406,55.791357445422605,55.47409614655271,normal
1760,38.13032761293946,56.12574324571059,56.1068663049649,normal
1761,38.628506993662796,57.97230605573299,56.8072031072943,normal
1762,39.172733204040945,56.9903038697604,57.57227013497121,normal
1763,39.76080249724935,58.09141230106847,58.39896881976066,normal
1764,40.39033359173119,59.32898884185348,59.283950997554214,normal
1765,41.05877731377167,60.80332999409237,60.22363247357448,normal
1766,41.76342691992155,61.11664167313984,61.214207544023516,normal
1767,42.501429057471334,61.65490297874488,62.25166441531029,normal
1768,43.26979531859336,63.82082004435221,63.331801458333764,normal
1769,44.0654143413654,64.06803408922106,64.45024423189167,normal
1770,44.885064408675106,65.52509478841868,65.60246320614674,normal
1771,45.72542649398788,67.1615990214895,66.78379211422336,normal
1772,46.58309770115198,67.71283953372999,67.98944685744482,normal
1773,47.45460504381866,69.02947199601222,69.2145448874615,normal
1774,48.336419508679946,70.6650459595214,70.45412498657623,normal
1775,49.224970345577695,71.62219711223443,71.70316736595517,normal
1776,50.11665952661855,73.08218299810095,72.95661400012087,normal
1777,51.007876315745094,73.8146364326449,74.20938911517483,normal
1778,51.89501188976659,75.41041116178556,75.45641974758367,normal
1779,52.7744739516439,76.23608648375111,76.69265629009762,normal
1780,53.64270127685453,77.25980797867545,77.91309294144364,normal
1781,54.49617813393532,79.85668209852385,79.11278797685956,normal
1782,55.33144852080894,80.4816420157019,80.28688375729381,normal
1783,56.14513015924696,81.82014922198177,81.43062639619575,normal
1784,56.93392819080135,82.13389351271239,82.5393850042532,normal
1785,57.69464851874529,83.59912025155661,83.60867043418705,normal
1786,58.424210741997186,84.54988494181927,84.63415344978695,normal
1787,59.119660628654685,85.01468772363361,85.61168224574993,normal
1788,59.778182078629044,86.76991899096134,86.53729924755766,normal
1789,60.39710852693939,87.10484109234156,87.40725712358662,normal
1790,60.97393374149127,88.1345164979994,88.21803394487216,normal
1791,61.50632197161589,88.32842443925902,88.96634743143187,normal
1792,35.07199208500188,51.42573390225285,51.80744328458598,normal
1793,33.890071885386824,49.92037323485516,50.145877290904494,normal
1794,32.733457297257345,49.037000948938676,48.51987779628458,normal
1795,31.60396514060157,46.817036635068426,46.931999793747515,normal
1796,30.503369631262604,45.49906289382605,45.38473837921379,normal
1797,29.43339959398528,43.941620614421794,43.880524827253005,normal
1798,28.39573574676362,41.95166089028489,42.42172276762134,normal
1799,27.392008060754765,41.655222276499465,41.01062446860919,normal
1800,26.4237931999065,38.81442306003923,39.64944723304466,normal
1801,25.492612044320097,38.43650093596413,38.3403299126127,normal
1802,24.599927301239138,37.05009355870268,37.08532954595578,normal
1803,23.747141207416394,35.20575824028467,35.88641812581805,normal
1804,22.93559332646864,34.887225042663616,34.745479500286905,normal
1805,22.166558444678625,33.88539920966765,33.66430641296549,normal
1806,21.441244568550143,32.66809869374224,32.644597686688215,normal
1807,20.760791027261025,31.340544847393215,31.68795555515799,normal
1808,20.126266682995386,30.987386073658072,30.795883146649285,normal
1809,19.538668251965703,30.44165746128981,29.96978212367716,normal
1810,18.998918738762644,29.305959661738388,29.210950482286318,normal
1811,18.50786598649164,29.24942435465607,28.520580514361317,normal
1812,18.066281344973703,28.263900627885114,27.89975693610285,normal
1813,17.674858459102637,27.67584451256755,27.349455185555236,normal
1814,17.334212179261755,27.458846818399497,26.870539891805578,normal
1815,17.0448775955117,26.186762635063033,26.463763518208772,normal
1816,16.80730919706641,25.911914711412784,26.12976518172234,normal
1817,16.621880158377685,26.088559393693597,25.86906965016326,normal
1818,16.48888175294951,25.903221396818324,25.682086518924155,normal
1819,16.408522895803237,26.207817787470418,25.569109568410667,normal
1820,16.380929815312072,26.015739675586676,25.530316303183994,normal
1821,16.40614585492049,25.642251805172915,25.56576767351421,normal
1822,16.484131405059962,25.770413095577613,25.675407979770405,normal
1823,16.61476396536802,25.74610977324356,25.85906495979405,normal
1824,16.79783833711287,25.966224890696793,26.116450059121917,normal
1825,17.033066945521277,26.260737336128965,26.447158883644757,normal
1826,17.320080291503466,27.23651228368018,26.85067183400918,normal
1827,17.658427532065424,27.132755238088187,27.32635492079072,normal
1828,18.047577188496884,27.729248950656558,27.87346075918919,normal
1829,18.486917981222565,28.5642274368901,28.49112974172099,normal
1830,18.97575979000536,28.968668273075306,29.17839138710899,normal
1831,19.513334737993006,29.84477804759338,29.934165863297462,normal
1832,20.098798397905522,29.84444016394868,30.7572656822508,normal
1833,20.731231118468813,31.81264473553591,31.64639756392699,normal
1834,21.409639469010553,32.480784955016986,32.600164466552414,normal
1835,22.13295779994964,33.708402613047014,33.6170677800655,normal
1836,22.900049916727497,34.86240340144441,34.695509679338315,normal
1837,23.709710864552076,35.06409384763324,35.83379563353442,normal
1838,24.560668821151104,38.05822329013247,37.03013706771309,normal
1839,25.45158709456131,38.36766979966862,38.28265417254738,normal
1840,26.38106622281536,39.68629288056079,39.58937885778656,normal
1841,27.347646172228686,40.22089519893846,40.948257844862994,normal
1842,28.349808630832715,42.64905472482722,42.3571558938178,normal
1843,29.3859793933521,44.0211144318724,43.81385915950267,normal
1844,30.454530833979828,45.201541823424364,45.31607867180437,normal
1845,31.553784463065497,47.00700277777679,46.861453934435055,normal
1846,32.682013563701105,49.0334287753394,48.44755663663754,normal
1847,33.83744590406266,49.979151564476105,50.07189447196761,normal
1848,35.01826652124686,51.40238088740139,51.73191505813869,normal
1849,36.222620572230156,54.041011639415196,53.42500995174606,normal
1850,37.448616247472025,55.317375237703736,55.14851875153006,normal
1851,38.6943277425852,56.88370633900556,56.8997332836889,normal
1852,39.95779828340572,59.706506966864964,58.675901862616065,normal
1853,41.23704319971026,60.60264770213143,60.474233620308546,normal
1854,42.53005304275285,62.28044771449276,62.29190289757892,normal
1855,43.83479674172408,64.30034855836617,64.12605369009972,normal
1856,30.997442260201606,43.04251663324904,46.07932641796316,gain loss
1857,31.286988531485406,43.591288967287525,46.486382059585466,gain loss
1858,31.625248308842156,44.27722127388242,46.96192045723033,gain loss
1859,32.01134103813196,44.81670248137418,47.504703397828834,gain loss
1860,32.444261646999436,45.471712372408746,48.11331757632319,gain loss
1861,32.92288316126702,46.18812260287287,48.78617827600421,gain loss
1862,33.445959638661826,46.65177383661258,49.521533495371735,gain loss
1863,34.01212941223885,47.51132983835757,50.317468510815004,gain loss
1864,34.61991863505742,47.934266108041264,51.17191086327317,gain loss
1865,35.267745116883404,48.840651184767474,52.08263575592889,gain loss
1866,35.95392244292943,50.291605487183105,53.04727184891198,gain loss
1867,36.67666436391137,49.973415613463104,54.06330743594943,gain loss
1868,37.43408944599288,51.961150072318304,55.128096986895244,gain loss
1869,38.224225968513295,54.17984725639152,56.2388680391104,gain loss
1870,39.0450170567492,53.14741300560811,57.39272841974529,gain loss
1871,39.89432603634817,55.68024210225688,58.58667378010221,gain loss
1872,40.769941995496,55.46013535443643,59.817595422431694,gain loss
1873,41.66958554033802,57.53870624165019,61.082288398741916,gain loss
1874,42.590914728672196,59.28428733701768,62.377459860480236,gain loss
1875,43.531531166467374,60.465307824212196,63.69973763728061,gain loss
1876,44.488986251336286,60.716975373237666,65.04567902236266,gain loss
1877,45.46078754671039,61.83147067154013,66.41177974162039,gain loss
1878,46.444405270123454,63.06957122501952,67.79448308295183,gain loss
1879,47.43727887871343,65.2866579769619,69.19018916195557,gain loss
1880,48.43682373479956,66.13688263679457,70.59526429976138,gain loss
1881,49.44043783418286,67.62711197002133,72.00605048846586,gain loss
1882,50.44550857965482,69.05871635875098,73.4188749194163,gain loss
1883,51.44941958208184,70.44636766037009,74.83005954942338,gain loss
1884,52.44955747136067,71.81787440540269,76.23593067988905,gain loss
1885,53.4433186995148,72.95467739178154,77.63282852380897,gain loss
1886,54.428116318221996,73.52401983029225,79.01711673564951,gain loss
1887,55.40138671312974,76.09883111740041,80.38519187920738,gain loss
1888,56.36059627742798,75.59171863321447,81.7334928087351,gain loss
1889,57.30324800730661,78.51463098826314,83.05850993885657,gain loss
1890,58.22688800212833,78.95738047673476,84.35679437910424,gain loss
1891,59.1291118523959,80.31840154899447,85.62496690927973,gain loss
1892,60.00757089888454,81.34008119855432,86.8597267722743,gain loss
1893,60.85997834664582,82.5288390641102,88.05786026148046,gain loss
1894,61.684115217967175,83.76265600724895,89.2162490804818,gain loss
1895,62.477836128790415,84.70072951663182,90.33187845332102,gain loss
1896,63.239074873551836,85.3598533653976,91.4018449643145,gain loss
1897,63.96584980390593,87.1398611072532,92.42336410710614,gain loss
1898,64.65626898733062,87.44782894280185,93.39377752342551,gain loss
1899,65.3085351321852,89.11924723745021,94.31055991284049,gain loss
1900,65.92095026640025,89.29623363390785,95.17132559566335,gain loss
1901,66.49192015761983,89.81630174666762,95.97383471208326,gain loss
1902,67.01995846328973,90.99487613523235,96.71599904155491,gain loss
1903,67.50369059988805,91.82336283093989,97.39588742746467,gain loss
1904,67.94185732122588,91.63721874932727,98.01173079312824,gain loss
1905,68.33331799650331,92.42373324082114,98.56192673623501,gain loss
1906,68.67705357958687,93.59878034396084,99.04504368994907,gain loss
1907,68.97216926177927,92.96505948475712,99.45982463999748,gain loss
1908,69.21789680117567,93.35190230431144,99.80519038822257,gain loss
1909,69.4135965225424,94.03888762160368,100.08024235424318,gain loss
1910,69.55875898251274,93.64777829028138,100.28426490805612,gain loss
1911,69.65300629576406,93.2450053366675,100.41672722761297,gain loss
1912,69.69609311872492,93.63784722956858,100.47728467662407,gain loss
1913,69.68790728825066,94.48831678705058,100.46577969906974,gain loss
1914,69.62847011360535,94.52816828275597,100.38224222813244,gain loss
1915,69.51793632098966,94.35597430281756,100.2268896085066,gain loss
1916,69.35659365075941,94.05802471254142,100.0001260322835,gain loss
1917,69.14486210838292,93.09391174958063,99.70254148985308,gain loss
1918,68.8832928710875,93.55453210025945,99.33491023850189,gain loss
1919,68.57256685304085,93.34477315772769,98.89818879262184,gain loss
1920,43.10022408742262,63.26457513154514,63.09342574780725,normal
1921,44.11940637980544,63.91567316534214,64.52614344155496,normal
1922,45.171923556227235,66.64022716325404,66.0057126823705,normal
1923,46.25180929078777,67.17925748757466,67.52374532610712,normal
1924,47.35294211547513,69.04556012698869,69.0716353039891,normal
1925,48.46908012047661,70.44897822280241,70.64060743264314,normal
1926,49.59389633722897,72.43170325249483,72.22176718087708,normal
1927,50.72101460363491,74.00512036513238,73.80615111025816,normal
1928,51.84404570813938,75.410536713536,75.38477770274073,normal
1929,52.95662360777821,77.56192286902055,76.948698286455,normal
1930,54.05244151489287,78.62521285442521,78.48904777030236,normal
1931,55.125287647948895,79.84572567082414,79.99709489921271,normal
1932,56.16908044380031,80.26675700344103,81.46429174479336,normal
1933,57.177903031794656,82.7805899887017,82.8823221506165,normal
1934,58.14603677429791,84.13790649688616,84.24314885752054,normal
1935,59.067993683510736,85.18889175870092,85.53905904199722,normal
1936,59.938547530817026,86.41700271701863,86.76270800994962,normal
1937,60.752763472317696,88.1746400054783,87.90716079877288,normal
1938,61.50602602261355,89.42394226338965,88.9659314527634,normal
1939,62.19406521826435,90.74946505257198,89.93301975022204,normal
1940,62.8129808226133,91.3021067972758,90.80294517520271,normal
1941,63.3592644347687,91.28966328231522,91.57077794257737,normal
1942,63.829819377415305,92.35757716227273,92.23216690184965,normal
1943,64.22197825071903,92.2256614093272,92.78336416285275,normal
1944,64.53351805281801,93.54677726971134,93.22124630500859,normal
1945,64.76267278118814,93.71154957591648,93.54333205110794,normal
1946,64.90814344345033,93.5076064693456,93.74779630647645,normal
1947,64.96910542087204,93.80639222395722,93.8334804848235,normal
1948,64.94521314282225,93.71168276661645,93.79989906291156,normal
1949,64.83660204568201,93.39619517116522,93.64724232732749,normal
1950,64.64388780510623,93.95090877971191,93.37637529797037,normal
1951,64.36816284598892,94.31599678335151,92.98883283428614,normal
1952,64.01099014991536,92.85181604061383,92.48681095166064,normal
1953,63.574394395204514,92.3370474732047,91.87315439662343,normal
1954,63.060850479765556,91.23663923512672,91.15134055050241,normal
1955,62.47326949182793,90.19577464775122,90.32545975179141,normal
1956,61.814982208071946,90.34400295805364,89.40019214764415,normal
1957,61.089720212702474,88.24439582592584,88.38078120447382,normal
1958,60.30159474449487,87.4580105625644,87.27300402651726,normal
1959,59.4550733917213,86.05087804255348,86.08313864930439,normal
1960,58.554954767065034,85.08512711173178,84.81792849215897,normal
1961,57.60634130608145,83.48183466170838,83.48454417004415,normal
1962,56.614610343400685,82.35880862757999,82.09054288015685,normal
1963,55.585383630630524,80.12766780318485,80.64382559258446,normal
1964,54.524495468750715,79.12803599419512,79.15259228696877,normal
1965,53.43795963564467,78.22131277846475,77.62529548840605,normal
1966,52.33193529624372,75.65273423154147,76.07059236566809,normal
1967,51.21269208852653,74.23381348374782,74.49729566319468,normal
1968,50.086574583288254,73.51041199712215,72.91432374512878,normal
1969,48.95996631914347,71.51919859863897,71.33065003489087,normal
1970,47.83925361663531,70.22396775002896,69.75525213738464,normal
1971,46.73078937657485,67.27116969520233,68.19706093286577,normal
1972,45.64085706782429,66.74402071735987,66.66490993177133,normal
1973,44.575635108664045,64.64705653395137,65.16748517840094,normal
1974,43.54116184365209,63.14379361547787,63.71327598826115,normal
1975,42.543301314509,62.50151183153785,62.31052679915956,normal
1976,41.58771001906042,61.48415601934308,60.96719040978571,normal
1977,40.67980484666819,59.07667580821362,59.6908828715884,normal
1978,39.82473237191213,58.03852167321965,58.48884029030063,normal
1979,39.02733968058527,57.13822665181995,57.36787778253565,normal
1980,38.292146893378735,56.297615112771986,56.33435082054583,normal
1981,37.6233215430096,54.84887278794807,55.39411918458362,normal
1982,37.0246549500378,55.523361197729834,54.55251372740584,normal
1983,36.49954073128906,54.07879403591986,53.81430613941879,normal
1984,7.075446743032003,13.409906421151419,12.447577497513544,normal
1985,8.395055459221503,14.111101700335054,14.302848615740935,normal
1986,10.129409804727942,16.902827722418575,16.74121680958402,normal
1987,12.261220587306859,20.28547483839757,19.738370095069733,normal
1988,14.769236505836162,22.777609227575486,23.264423786250404,normal
1989,17.62845599735381,27.049657961479504,27.284217893246765,normal
1990,20.81037646918835,32.34262960597833,31.75766724300314,normal
1991,24.283278431671082,36.35982316989492,36.64016091650189,normal
1992,28.01254169900717,41.71313588134355,41.88300708786667,normal
1993,31.960990506205892,46.87624972915836,47.433918873365414,normal
1994,36.0892641017161,52.927744644442896,53.23753635874555,normal
1995,40.35620912145432,59.53799399203244,59.23597957878418,normal
1996,44.71928983278091,65.0321545285648,65.36942688051155,normal
1997,49.13501215884146,71.03443062030372,71.57671281793576,normal
1998,53.55935725631759,77.53991220833514,77.7959395071016,normal
1999,57.94822032439719,84.72526840225196,83.96509522066376,normal
2000,62.25785027062611,90.10681907586593,90.0226739241023,normal
2001,66.44528585076037,95.67935348977979,95.90828945287252,normal
2002,70.46878393488895,101.6365341218671,101.56327810102691,normal
2003,74.28823563058627,107.126953477276,106.93128353527803,normal
2004,77.86556611490369,112.01789212120978,111.95881816055847,normal
2005,81.16511418940998,115.8370144136792,116.59579533890646,normal
2006,84.15398777462435,120.9295357140889,120.79602719685555,normal
2007,86.80239180003954,124.43353889435615,124.51768314054355,normal
2008,89.08392522110827,128.08736165599277,127.72370462515845,normal
2009,90.97584420233278,129.81410167144642,130.38217218878307,normal
2010,92.45928884287326,132.91662635082525,132.4666212531364,normal
2011,93.51947118452455,133.75090085792073,133.95630370869873,normal
2012,94.14582262787297,134.1163984974185,134.8363928335926,normal
2013,94.3320992870917,135.66674560935016,135.0981296396115,normal
2014,94.07644423312797,134.52374756655743,134.73890929107512,normal
2015,93.3814060048013,133.9242204126359,133.76230679970442,normal
2016,92.25391320328129,132.11238053657618,132.1780417590262,normal
2017,90.70520542320449,130.4685315035415,130.00188244293378,normal
2018,88.75072120895473,127.7269579080545,127.25549015304719,normal
2019,86.40994415303224,124.44174598539857,123.96620525638089,normal
2020,83.70620867070576,120.47193950032944,120.16677690603947,normal
2021,80.66646738711408,115.21067780293356,115.89503898005073,normal
2022,77.32102245565594,110.4804235556396,111.1935353030144,normal
2023,73.70322348606548,106.19503188541732,106.10909772708887,normal
2024,69.84913509342502,100.28797504707259,100.6923811371626,normal
2025,65.79717738220744,95.19574312977454,94.99735990331533,normal
2026,61.58774294924123,89.15151349198668,89.08079072475421,normal
2027,57.2627942235656,82.40077844105501,83.00164718595902,normal
2028,52.86544515715884,76.37982608968363,76.82053167051653,normal
2029,48.43953143652415,70.1167422722156,70.5990705442698,normal
2030,44.029173499547596,64.0215992714079,64.3992987210016,normal
2031,39.67833671376607,58.194481662819165,58.28303985615882,normal
2032,35.43039310047885,52.60027378492316,52.31128847380765,normal
2033,31.327688973727163,47.11231199582171,46.54360031747991,normal
2034,27.411122804203135,40.623958278048676,41.03749712696044,normal
2035,23.71973751621962,35.60744106003206,35.84789188226084,normal
2036,20.29033128199412,31.686856736101486,31.026540326531492,normal
2037,17.157090693108508,27.001167085085395,26.621524286384457,normal
2038,14.351249965932475,22.775392104625034,22.676771957026112,normal
2039,11.900779578278204,18.231942194505123,19.231619917501064,normal
2040,9.830107441161346,15.890768744619828,16.320421195349088,normal
2041,8.159875385212707,14.038617248382351,13.972203217254787,normal
2042,6.906733389246057,11.958133506768325,12.21037896969999,normal
2043,6.083173602246951,11.898457914584787,11.052514157551034,normal
2044,5.6974058133620815,10.547490823028134,10.51015259457238,normal
2045,5.753275611286185,10.708071493829603,10.58870149290755,normal
2046,6.2502260488882015,10.818121795079712,11.28737774272179,normal
2047,7.183303195228973,12.153444940335968,12.599215691918518,normal
2048,43.6121687193676,63.9708591475507,63.81309407596306,normal
2049,44.75033747947213,65.51270913688975,65.41307188688359,normal
2050,45.91930007120304,67.4815152675431,67.05632670980638,normal
2051,47.112199513356984,68.15563711788967,68.7332183137948,normal
2052,48.322038414306355,70.52208457353586,70.43390931823241,normal
2053,49.54172001778057,72.24901187907106,72.14842292781533,normal
2054,50.76408983150734,74.54164349183452,73.86670148207381,normal
2055,51.98197759452575,75.48409967880868,75.57866547487332,normal
2056,53.18823933699627,77.4116091031075,77.2742726966533,normal
2057,54.37579928579067,78.59425512262496,78.94357715155832,normal
2058,55.5376913700489,80.75549011206985,80.57678740310305,normal
2059,56.66710008323681,82.33210428337152,82.1643240055741,normal
2060,57.75740046201337,83.42757997739838,83.69687568398182,normal
2061,58.802196947396446,84.97677020263124,85.16545393299101,normal
2062,59.7953609002728,86.54619556848623,86.56144571482545,normal
2063,60.731066551191,88.12224814927008,87.87666394758574,normal
2064,61.60382517356082,88.61192109030479,89.10339548867148,normal
2065,62.40851727980326,90.60987996930066,90.23444633295377,normal
2066,63.140422651593084,91.12001474831858,91.26318376191526,normal
2067,63.79524802804023,92.99150395864721,92.18357519804496,normal
2068,64.36915228939498,93.61130328020762,92.9902235382327,normal
2069,64.85876898855244,93.5044961960919,93.67839876063077,normal
2070,65.26122609818964,93.97547312611997,94.24406562131358,normal
2071,65.57416285770103,95.73023086223353,94.68390727993707,normal
2072,65.7957436211104,95.26247785560379,94.99534471734913,normal
2073,65.92466862472948,95.41721237530982,95.1765518325931,normal
2074,65.96018161140105,95.04467300723788,95.22646613184375,normal
2075,65.90207426660437,95.08816834384791,95.14479494737773,normal
2076,65.75068744040077,95.27414199186312,94.93201715057961,normal
2077,65.50690914805182,94.85072350990475,94.58938034906501,normal
2078,65.17216936103844,93.76485415296999,94.11889358414818,normal
2079,64.74843161903576,94.05220137328544,93.52331557092782,normal
2080,64.2381815120469,92.93646088003531,92.80613854909723,normal
2081,63.64441210025826,91.56506909067042,91.97156783804716,normal
2082,62.970606357140966,91.4476742035732,91.0244972147937,normal
2083,62.22071673878554,89.89471405029498,89.97048025758652,normal
2084,61.399141999312974,89.14854759973228,88.81569782160437,normal
2085,60.51070138836017,87.32993944118847,87.56692183578267,normal
2086,59.56060638199377,86.38492277343956,86.23147563141839,normal
2087,58.55443011287531,84.12439128325555,84.81719103362636,normal
2088,57.49807467899613,83.49051645927419,83.33236246585378,normal
2089,56.39773652274496,81.13715734967897,81.78569833537942,normal
2090,55.25987008338961,80.25504319353932,80.18626998391248,normal
2091,54.09114993618333,77.46237632204185,78.54345850196191,normal
2092,52.898431640181634,76.83876088691616,76.86689971846592,normal
2093,51.688711524432605,75.47351703332296,75.1664276881735,normal
2094,50.46908564842842,73.65779081482265,73.4520170083676,normal
2095,49.246708177551255,72.24250286733849,71.73372430365728,normal
2096,48.028749417678014,69.56365595470778,70.02162922268482,normal
2097,46.82235375510635,68.99283187080044,68.32577529365544,normal
2098,45.63459774852226,67.3391459896259,66.65611098658206,normal
2099,44.472448618835095,64.51021229926822,65.02243132902633,normal
2100,43.34272338037375,63.09465319868377,63.434320418925495,normal
2101,42.25204885317501,61.656810124539994,61.90109517283397,normal
2102,41.20682279092648,60.42090942364099,60.431750640616826,normal
2103,40.21317635258306,59.11295431627954,59.03490720835917,normal
2104,39.276938137792534,56.66677342991259,57.71876000005768,normal
2105,38.40359999709497,56.74253532629933,56.49103077562151,normal
2106,37.59828481744786,55.2491025330346,55.35892260790405,normal
2107,36.86571647204328,53.89424178810127,54.32907760502241,normal
2108,36.21019211068755,53.810550370754754,53.40753792619808,normal
2109,35.63555695328412,52.45154269857399,52.59971031988408,normal
2110,35.14518173427827,52.39258244609627,51.91033439215848,normal
2111,34.741942930370826,51.56881585970969,51.343454791380545,normal
2112,57.669385407830134,83.35637334016523,83.57316014320921,normal
2113,58.614347104938275,84.21360059142744,84.90141086383737,normal
2114,59.52178100490548,85.94241713466594,86.17690276539186,normal
2115,60.387733935784766,87.65466042567255,87.39408030839877,normal
2116,61.2084334345528,88.44439767591541,88.54764208939115,normal
2117,61.98030418157963,90.38099058581898,89.63256391425236,normal
2118,62.69998357625717,90.753079245693,90.64412066175345,normal
2119,63.36433638593214,91.65868871330665,91.57790684256717,normal
2120,63.9704684043266,92.59942302235122,92.42985576478263,normal
2121,64.51573905994398,92.81856941021385,93.19625722306053,normal
2122,64.99777291953302,93.81960852671097,93.87377363502557,normal
2123,65.41447003649563,94.17604587188205,94.45945455526628,normal
2124,65.76401509915652,93.94986332378691,94.9507495043671,normal
2125,66.04488533904083,94.58694521503095,95.3455190577082,normal
2126,66.25585716470778,95.95353299248205,95.64204414629884,normal
2127,66.39601149224077,95.64798937345292,95.83903352963327,normal
2128,66.46473774917182,95.88140816350817,95.93562940843805,normal
2129,66.4617365343975,95.30061574741958,95.93141115318885,normal
2130,66.38702092249886,95.5738616261876,95.82639713237646,normal
2131,66.24091640678286,95.95180086221194,95.6210446326688,normal
2132,66.02405948129373,95.35507227469353,95.31624787131187,normal
2133,65.7373948679714,94.69032618670953,94.91333410930706,normal
2134,65.3821714010369,95.06236647194831,94.41405788206647,normal
2135,64.95993658653384,93.79258663821632,93.82059337234128,normal
2136,64.47252986072728,92.98430630667015,93.13552495821837,normal
2137,63.922074576728974,92.84622946552491,92.36183597684955,normal
2138,63.310968754259,90.76281223484362,91.50289575228467,normal
2139,62.64187463284147,90.79446731644022,90.56244494329283,normal
2140,61.917707073945394,89.06822261289388,89.54457927434802,normal
2141,61.141620862595694,88.11618488367017,88.4537317199862,normal
2142,60.31699696377425,87.00142767968127,87.29465321948933,normal
2143,59.44742779348374,86.12489023545179,86.07239200528223,normal
2144,58.536701568640105,84.8355191965165,84.79227163451242,normal
2145,57.588785803972044,83.58648882765914,83.45986781899316,normal
2146,56.607810027822175,82.16726565111063,82.08098415400059,normal
2147,55.59804779214739,81.25525399309969,80.66162685129629,normal
2148,54.56389805509035,79.92425915606341,79.20797858617769,normal
2149,53.5098660172278,78.02548625221928,77.72637157231651,normal
2150,52.44054349498126,76.54273492209182,76.22325998160593,normal
2151,51.36058891669175,74.5433681518858,74.70519182918888,normal
2152,50.274707028504494,72.70912664716077,73.17878044625915,normal
2153,49.187628398473265,71.89986978047301,71.65067566510822,normal
2154,48.10408880817352,70.14060345249642,70.1275348422161,normal
2155,47.02880862160308,68.97847196304103,68.61599384595154,normal
2156,45.966472221248495,66.34495923447089,67.12263813564977,normal
2157,44.92170760090221,66.79041703366958,65.6539740584691,normal
2158,43.89906620413332,63.674181595526775,64.21640048949855,normal
2159,42.903003096243715,62.829349453186595,62.81618093909619,normal
2160,41.93785755608961,61.878965307583194,61.45941624939245,normal
2161,41.007834172318425,59.56225517276839,60.15201799930217,normal
2162,40.11698452637415,58.662945625110794,58.899682734269675,normal
2163,39.26918954206782,56.84783978963736,57.70786713333438,normal
2164,38.46814257860595,55.972313247527076,56.58176422197156,normal
2165,37.71733334073099,54.70123345931377,55.52628073455351,normal
2166,37.0200326760681,54.588855670102966,54.54601572521208,normal
2167,36.37927832590758,53.768903892286936,53.64524052038984,normal
2168,35.79786169149866,52.691789035221575,52.827880100470736,normal
2169,35.27831567350633,52.63330256543405,52.09749599160787,normal
2170,34.82290363760774,52.046323823145705,51.45727074224706,normal
2171,34.433609554298954,50.90602736063131,50.90999405190928,normal
2172,34.11212935586693,50.36330607844425,50.45805061257361,normal
2173,33.85986354817993,49.98598662911633,50.10340971552892,normal
2174,33.67791110948215,49.65434432033658,49.847616668865705,normal
2175,33.56706470277241,50.24620705251722,49.69178606289801,normal
2176,72.67965082090755,104.90210119713778,104.67054029513152,normal
2177,72.36558982368302,104.05951160040473,104.22914737832778,normal
2178,71.99518126157878,103.84188543124088,103.70855979271023,normal
2179,71.56935833692255,103.09466204996299,103.11008826881128,normal
2180,71.08919386223856,103.01082993455447,102.43523965867927,normal
2181,70.5558975574181,102.17833358875407,101.68571315229734,normal
2182,69.9708130019676,100.26152087654985,100.86339601050312,normal
2183,69.33541425001253,99.90241275817618,99.97035882493702,normal
2184,68.65130211658538,99.31142007787903,99.00885031672998,normal
2185,67.9202001445539,97.79087888821886,97.98129168679387,normal
2186,67.14395026235042,97.23498925919651,96.89027053170527,normal
2187,66.32450814344234,95.8815840891453,95.73853434027023,normal
2188,65.46393827923472,94.781428862199,94.52898358691733,normal
2189,64.56440877781857,93.2386061524963,93.26466443909538,normal
2190,63.62818590166862,92.0786811377032,91.94876109683462,normal
2191,62.657628358052214,90.80782904205208,90.58458778357682,normal
2192,61.65518135653411,88.55181830434299,89.17558040827826,normal
2193,60.623370448548535,87.3371493876148,87.72528791963984,normal
2194,59.564795164559015,85.80584365558866,86.23736337412126,normal
2195,58.48212246483644,85.43110121762419,84.71555474014306,normal
2196,57.378080020355384,83.29324065641269,83.16369546157442,normal
2197,56.25544934073666,81.74493353530137,81.58569480423871,normal
2198,55.117058766549654,80.06023762788344,79.98552800974558,normal
2199,53.96577634362917,78.14831111375995,78.36722628147042,normal
2200,52.80450259735963,76.41969953709136,76.73486662795428,normal
2201,51.63616322513048,75.45417114555957,75.09256158937909,normal
2202,50.463701725373795,73.28726329139329,73.44444887309373,normal
2203,49.29007198175404,72.4666519443673,71.79468092441465,normal
2204,48.11823082119349,70.23207804126218,70.14741445910616,normal
2205,46.95113056448245,68.5473804338726,68.50679998405711,normal
2206,45.79171158824209,66.78566841453855,66.87697133271134,normal
2207,44.6428949169793,65.23244276686337,65.26203524178,normal
2208,43.50757486389707,63.68245882310825,63.666060995664424,normal
2209,42.38861173900082,62.74072441211933,62.09307016484751,normal
2210,41.288824642872086,61.5398320743346,60.54702646427327,normal
2211,40.210984364264576,58.544576012888655,59.03182575742455,normal
2212,39.15780639941635,57.66186676958754,57.55128623143381,normal
2213,38.13194411066537,56.41187529450264,56.10913876811903,normal
2214,37.135982041604215,54.32856051030277,54.70901753532825,normal
2215,36.17242940561587,53.08861008529118,53.354450822406754,normal
2216,35.24371376419545,51.85757887827603,52.0488521429667,normal
2217,34.35217491098455,49.777953873150544,50.795511627448164,normal
2218,33.500058976926724,49.87610725187737,49.59758772721083,normal
2219,32.689512771395584,48.44140635717841,48.45809925109194,normal
2220,31.922578373552177,47.343520885010584,47.37991775450907,normal
2221,31.20118798755845,46.40362557559793,46.36576030028142,normal
2222,30.527159074608065,45.527069107824445,45.41818260938879,normal
2223,29.902189774039304,45.52328626885521,44.539572618891384,normal
2224,29.32785462506572,43.81239190231466,43.73214446319379,normal
2225,28.80560059990332,43.354929310835864,42.99793289376014,normal
2226,28.336743458288307,42.122260488472016,42.33878815127378,normal
2227,27.92246443256979,41.90958311423737,41.756371303089715,normal
2228,27.56380725172893,41.12297586660308,41.25215005765299,normal
2229,27.26167551182229,40.76819497395633,40.82739506635354,normal
2230,27.01683039947408,40.10483701236599,40.48317672206313,normal
2231,26.829888774152906,39.87903651850745,40.22036246235264,normal
2232,26.701321614064323,40.237127724188916,40.039614584123996,normal
2233,26.631452829574734,40.26177846097018,39.94138857511107,normal
2234,26.620458447155965,40.12567689298993,39.92593196641277,normal
2235,26.668366165906576,39.7138757980981,39.99328370892016,normal
2236,26.77505528776709,40.28221796614786,40.14327407519326,normal
2237,26.94025702160509,39.30742858013605,40.375525087031846,normal
2238,27.163555160403945,41.09403900835264,40.68945146767402,normal
2239,27.444387129849158,41.073722926306246,41.08426211624766,normal
2240,51.76612053009567,75.68769479355595,75.27523993841794,saturation
2241,52.82916512434972,76.59041213186852,76.76953397211881,saturation
2242,53.87857370362837,78.48225845402993,78.24464921921331,saturation
2243,54.90928832664032,79.52868743012769,79.69347621007478,saturation
2244,55.91634115325713,81.24546791535293,81.10903234929356,saturation
2245,56.89487838851766,83.10663719509617,82.48449556508665,saturation
2246,57.84018367695749,83.54622581967595,83.81323718089031,saturation
2247,58.747700834507135,84.83909280759572,85.08885385076888,saturation
2248,59.613055808395956,86.17574456881341,86.30519840490875,saturation
2249,60.43207775921927,87.59294548642826,87.45640945684278,saturation
2250,61.200819163557355,89.70970758023186,88.53693963013836,saturation
2251,61.9155748402557,89.30675720610233,89.54158226904369,saturation
2252,62.57289980866354,89.61207697519511,90.4654965049882,saturation
2253,63.16962589275758,91.03814693040383,91.30423055883678,saturation
2254,63.70287699112228,91.17792018873776,92.05374316735468,saturation
2255,64.17008293918846,91.17792018873776,92.71042303141502,saturation
2256,64.56899189691697,91.17792018873776,93.27110619302351,saturation
2257,64.89768120222118,91.17792018873776,93.73309125819978,saturation
2258,65.15456663781703,91.17792018873776,94.0941523930932,saturation
2259,65.33841006683632,91.17792018873776,94.35255003137685,saturation
2260,65.44832540040086,91.17792018873776,94.50703924190195,saturation
2261,65.48378286839521,91.17792018873776,94.55687571676403,saturation
2262,65.4446115728536,91.17792018873776,94.50181935127337,saturation
2263,65.33100031165428,91.17792018873776,94.34213539879083,saturation
2264,65.14349666855108,91.17792018873776,94.07859319493333,saturation
2265,64.8830043739284,91.17792018873776,93.71246245722078,saturation
2266,64.55077894899983,91.17792018873776,93.24550717777554,saturation
2267,64.14842165444495,91.17792018873776,92.67997713815092,saturation
2268,63.67787177265016,91.17792018873776,92.01859708669691,saturation
2269,63.14139726075224,91.17792018873776,91.26455363003267,saturation
2270,62.541583819534516,91.17792018873776,90.42147990111832,saturation
2271,61.88132243086172,89.47054274917737,89.49343807707248,saturation
2272,61.16379542372066,88.59360040615591,88.48489983020015,saturation
2273,60.392461136025354,87.41649179474585,87.40072480564312,saturation
2274,59.57103724611404,85.75760134279587,86.24613722858334,saturation
2275,58.703482854276615,85.4445052496509,85.02670075298079,saturation
2276,57.79397940067621,83.87813727421268,83.74829167235895,saturation
2277,56.84691051163661,82.50264025150241,82.41707062112472,saturation
2278,55.86684087143252,81.3634652379202,81.03945290227944,saturation
2279,54.8584942214164,79.97193383848933,79.6220775841085,saturation
2280,53.82673059252161,77.38767797139856,78.17177551448788,saturation
2281,52.77652288087701,76.9167941237664,76.69553640678771,saturation
2282,51.712932879433424,74.97155806169356,75.20047515595064,saturation
2283,50.64108688112534,73.77928250701488,73.69379754715482,saturation
2284,49.566150971155224,71.89900439093554,72.1827655225101,saturation
2285,48.49330612748712,70.32689450867107,70.67466217346785,saturation
2286,47.427723249560124,69.59824553252088,69.17675662803308,saturation
2287,46.3745382355782,67.71204964571436,67.69626900244239,saturation
2288,45.338827228499206,66.14047998150284,66.24033558671331,saturation
2289,44.325582150032176,64.7142212352104,64.81597443237146,saturation
2290,43.33968664056445,63.48462100201918,63.43005150873833,saturation
2291,42.38589252098325,62.103177368612855,62.08924759141267,saturation
2292,41.46879688984111,59.82078737730884,60.800026043026435,saturation
2293,40.592819966252335,59.22180339012522,59.568601642017285,saturation
2294,39.76218378531319,58.323340218449864,58.4009106100556,saturation
2295,38.980891848729854,57.640850268886325,57.302581982928636,saturation
2296,38.252709828733934,56.87805355218621,56.27891046314161,saturation
2297,37.581147418288936,54.96401677736593,55.33483088528599,saturation
2298,36.96944141506596,55.31860017288429,54.47489441738553,saturation
2299,36.42054012072079,53.768861957579794,53.70324661299894,saturation
2300,35.937089130664305,53.256844996694774,53.02360741988186,saturation
2301,35.52141858281727,52.2408096405277,52.43925324153342,saturation
2302,35.17553192680744,51.72513560115886,51.95300113802002,saturation
2303,34.90109626773963,52.20301556810963,51.5671952421346,saturation
2304,68.57711565058433,98.3028264056008,98.90458207839299,normal
2305,68.52181996710607,98.77973187080111,98.82686457499875,normal
2306,68.42049182080979,98.71294213995434,98.68444882567955,normal
2307,68.27338304354222,99.2781633488598,98.4776885987379,normal
2308,68.08085924620617,99.28369827074235,98.20709750011326,normal
2309,67.84339891010413,97.88700445089732,97.87334770031698,normal
2310,67.56159219776396,97.67068712879701,97.47726826826342,normal
2311,67.23613948620209,97.42209596391035,97.01984311607126,normal
2312,66.86784962626963,97.02588986104905,96.50220855986102,normal
2313,66.45763793240725,95.82846283537087,95.92565050251743,normal
2314,66.00652390780516,95.69226669203324,95.29160124531397,normal
2315,65.51562871062177,94.34501004920942,94.60163593621022,normal
2316,64.9861723675581,92.765974049348,93.85746866352956,normal
2317,64.41947074171343,92.51760534066254,93.0609482046012,normal
2318,63.816932262257595,92.34558730664446,92.21405343980418,normal
2319,63.1800544240481,91.69126722386204,91.31888844328499,normal
2320,62.510420065891225,89.46467325381157,90.37767726242238,normal
2321,61.80969343669709,88.67190623353362,89.39275839889358,normal
2322,61.079616059305295,88.3968696389795,88.3665790049409,normal
2323,60.32200240226099,85.91761935881443,87.30168880915562,normal
2324,59.53873537029817,86.4818443145301,86.20073378677554,normal
2325,58.73176162473788,85.54934392714571,85.06644959014024,normal
2326,57.90308674543154,82.68814271271162,83.90165475555527,normal
2327,57.05477024627345,83.0814023388696,82.70924370338521,normal
2328,56.18892045667047,81.45938713466097,81.49217954872434,normal
2329,55.30768928169007,80.9024590582677,80.25348674047794,normal
2330,54.4132668539093,79.1655866182052,78.99624354712792,normal
2331,53.50787609025662,77.67369251329701,77.72357440785292,normal
2332,52.59376716737435,76.54136155395223,76.43864216802146,normal
2333,51.67321192923241,75.59449573378498,75.14464021837651,normal
2334,50.74849824089197,73.97869178677885,73.8447845574833,normal
2335,49.82192430245168,72.61360224115234,72.54230579721322,normal
2336,48.89579293730821,70.68512575397061,71.2404411311894,normal
2337,47.97240586892645,70.20210106211536,69.94242628621946,normal
2338,47.05405800034333,68.7205608562482,68.65148747679133,normal
2339,46.143031710622566,68.20527361500467,67.37083338270551,normal
2340,45.24159118243528,66.1554388572148,66.10364716986378,normal
2341,44.351976774864454,64.87414134606735,64.85307857412947,normal
2342,43.476399455418246,63.415633693430735,63.62223606801774,normal
2343,42.61703530509047,62.778700143748885,62.414179129767874,normal
2344,41.77602011012499,61.20465748275644,61.23191063409219,normal
2345,40.95544405392499,59.839768635013456,60.078369383590086,normal
2346,40.15734652229937,59.693662112981634,58.956422799460164,normal
2347,39.38371103495706,58.68204189695526,57.868859789742125,normal
2348,38.63646031584575,56.68710140524491,56.818383812870366,normal
2349,37.91745151458705,55.4350531975856,55.80760615382904,normal
2350,37.22847159088409,55.37711671238654,54.83903942966073,normal
2351,36.571232873372836,53.62304458548548,53.91509134050239,normal
2352,35.947368803954795,54.29409209191542,53.038058681703276,normal
2353,35.35842987818766,52.21444775514503,52.210121631922405,normal
2354,34.805879791823244,51.90283336283495,51.433338331408436,normal
2355,34.29109180307005,50.22297072054464,50.70963976393701,normal
2356,33.81534531962092,50.08855586672562,50.0408249551177,normal
2357,33.37982271892845,49.954104594612275,49.42855649899215,normal
2358,32.98560640963058,49.12353496423106,48.87435642402269,normal
2359,32.63367614142966,48.21543003222294,48.37960240872395,normal
2360,32.32490657011084,49.047587006290996,47.94552435631842,normal
2361,32.06006508375134,47.94976150446526,47.5732013369026,normal
2362,31.839809895523242,47.23054417466766,47.26355890469684,normal
2363,31.664688407829804,46.82538733789418,47.017366797020415,normal
2364,31.53513585184081,46.78505831508763,46.8352370206863,normal
2365,31.451474205808246,47.35409953998332,46.71762233055024,normal
2366,31.413911394850544,46.4023394286963,46.66481510397687,normal
2367,31.422540774194232,46.75522280148191,46.676946614006646,normal
2368,31.18024545776696,46.76648031098084,46.3363184665273,normal
2369,33.29611718685121,49.6160982454396,49.310881052586,normal
2370,35.46790033304643,52.18297592570224,52.36401661969708,normal
2371,37.68832548032995,55.847328577555984,55.48550156366786,normal
2372,39.94996039764739,59.128191598281745,58.66488351293124,normal
2373,42.2452349161566,61.47053917817075,61.89151639140456,normal
2374,44.566466268178765,65.51786402587237,65.15459613413931,normal
2375,46.90588480304122,70.01705687164257,68.44319693430666,normal
2376,49.25565999373643,71.685741415573,71.74630789811174,normal
2377,51.60792664734647,75.38933654280977,75.05286998273854,normal
2378,53.954811231501836,77.85115904784126,78.35181309142597,normal
2379,56.288458228753996,81.89276228925978,81.63209319925355,normal
2380,58.60105643064848,84.69863607823775,84.8827293831875,normal
2381,60.88486508348613,88.4840240884158,88.09284063039671,normal
2382,63.13223979825764,91.29567874886142,91.25168229979433,normal
2383,65.33565813802491,93.91470801261667,94.34868211318157,normal
2384,67.48774479710349,97.90618159022928,97.37347555426017,normal
2385,69.5812962877654,100.289848990832,100.31594055611814,normal
2386,71.60930505183103,102.80074119453708,103.16623136056887,normal
2387,73.56498291644378,106.00859142185094,105.9148114359125,normal
2388,75.44178381551558,108.20765695985162,108.55248534326827,normal
2389,77.23342570078997,111.30416745268114,111.07042944557772,normal
2390,78.93391156918196,113.4989759999661,113.46022135766964,normal
2391,80.53754953601168,115.62214638416181,115.71386804038836,normal
2392,82.03897188694224,118.17298674344788,117.82383244668505,normal
2393,83.43315304485114,119.30568005815131,119.78305863273502,normal
2394,84.71542639149635,122.06399041732882,121.58499525254344,normal
2395,85.8814998876714,122.43676608643634,123.22361736011057,normal
2396,86.92747043956538,125.44277744599235,124.69344644902469,normal
2397,87.84983696324065,126.13271355265252,125.98956866530706,normal
2398,88.64551210349896,127.06119104670087,127.10765113543323,normal
2399,89.31183256791007,127.79663446938358,128.04395635767003,normal
2400,89.84656804141301,129.09409072757978,128.79535461118675,normal
2401,90.24792865165068,129.35721960684504,129.35933434379987,normal
2402,90.51457096005004,129.72408670670492,129.73401050567955,normal
2403,90.64560245859418,130.4233762132359,129.91813080286883,normal
2404,90.6405845572348,129.79208933272412,129.91107985103076,normal
2405,90.49953405194557,129.67819434446636,129.71288121643192,normal
2406,90.22292306850247,129.57300963050926,129.3241973377852,normal
2407,89.81167748217925,129.2691221339229,128.74632732919494,normal
2408,89.26717381864779,127.98315757478359,127.9812026710709,normal
2409,88.5912346464564,127.16526922985598,127.03138080248988,normal
2410,87.78612247650875,125.98559044426976,125.90003663507349,normal
2411,86.85453218896285,124.97339496528333,124.59095201501478,normal
2412,85.79958201289907,123.80953929905559,123.10850316640419,normal
2413,84.62480308895013,121.1253735190883,121.45764615546949,normal
2414,83.33412764982893,119.6529259026583,119.64390042174064,normal
2415,81.93187585831663,117.7191482706277,117.6733304284617,normal
2416,80.42274134676731,115.86993155859211,115.55252549078007,normal
2417,78.81177550653092,113.99418639040786,113.28857784633239,normal
2418,77.10437057988132,110.94769444080217,110.88905903879218,normal
2419,75.30624161104514,108.51857339306683,108.36199469072923,normal
2420,73.4234073167434,106.26427574030583,105.71583774772157,normal
2421,71.46216994027834,102.49451907333224,102.95944028104985,normal
2422,69.4290941565963,99.83935101765326,100.10202394144115,normal
2423,67.33098509893662,97.02650101756375,97.1531491612126,normal
2424,65.17486558061648,94.18504010861241,94.12268320675224,normal
2425,62.967952588193825,91.1842412949993,91.0207671875382,normal
2426,60.71763312469233,87.70161558285187,87.85778213182695,normal
2427,58.43143948374486,85.45742804468124,84.64431424268852,normal
2428,56.11702403741862,81.15449959309976,81.39111945122826,normal
2429,53.78213362211306,78.08743665766603,78.10908738657912,normal
2430,51.434583608265065,75.33764640435834,74.80920488455065,normal
2431,49.08223174065645,71.8969037541668,71.50251915868081,normal
2432,18.757209786151027,28.92941849764607,28.871132511730075,normal
2433,18.93084864430159,29.45583058381208,29.11525093937134,normal
2434,19.21088614147087,29.18025618368525,29.50895471574531,normal
2435,19.596363268246872,30.143880248590836,30.05089524923078,normal
2436,20.085959929297974,30.09971794715412,30.739216170619155,normal
2437,20.677999464138423,31.251840249339086,31.57155968492438,normal
2438,21.37045438897793,32.11810631291502,32.54507463963151,normal
2439,22.16095333999191,34.251700646542346,33.65642628227683,normal
2440,23.046789194234826,34.76404112272361,34.901807674536315,normal
2441,24.024928340385717,36.46434146995848,36.27695272437104,normal
2442,25.092021067577686,37.44116566000993,37.77715079225684,normal
2443,26.244413036734016,39.36950438454077,39.397262822126876,normal
2444,27.478157795126354,41.07077208250216,41.13173894239946,normal
2445,28.78903029129816,42.66651583080731,42.97463747736679,normal
2446,30.172541344070254,45.344259748882266,44.91964530430285,normal
2447,31.62395301607839,46.305667983755136,46.96009948693015,normal
2448,33.138294839195225,49.4135526790714,49.08901011138396,normal
2449,34.71038083627114,52.49310610866269,51.29908424654842,normal
2450,36.33482728090196,53.28663587596458,53.58275094663171,normal
2451,38.006071134403804,55.9997847562384,55.93218721011567,normal
2452,39.71838909685623,57.7254946804399,58.33934480577478,normal
2453,41.46591720697218,60.83692004500461,60.7959778733331,normal
2454,43.24267092367315,62.60143469622105,63.29367120352336,normal
2455,45.042565620598864,66.14273607774356,65.82386909985425,normal
2456,46.85943742336678,68.21555361969315,68.37790472228563,normal
2457,48.68706431822209,70.20302448664187,70.94702981127195,normal
2458,50.519187459790416,73.01357428907815,73.52244468927066,normal
2459,52.349532604963386,75.45952383170092,76.09532843583453,normal
2460,54.1718315995146,78.5778518661171,78.65686913181163,normal
2461,55.97984384386392,81.60616865922762,81.1982940679812,normal
2462,57.76737766447882,83.58092984906804,83.7108998136426,normal
2463,59.52831151772467,85.72003213445944,86.18608204125896,normal
2464,61.25661495355017,88.29446391073387,88.61536500422565,normal
2465,62.94636926721579,91.07699835609723,90.99043056618157,normal
2466,64.59178776834196,92.29288274618816,93.30314668200143,normal
2467,66.18723559786442,95.83028149762072,95.54559523268719,normal
2468,67.72724902503161,97.91566698234321,97.71009911880412,normal
2469,69.20655415836048,98.76492324640104,99.78924851986984,normal
2470,70.62008500647336,102.31276026881359,101.77592623018303,normal
2471,71.96300082696538,102.98804061706069,103.66333198496045,normal
2472,73.23070270388995,105.37851021364017,105.44500569431604,normal
2473,74.41884929709128,107.6462729855671,107.1148495065434,normal
2474,75.52337170944945,107.98713259039698,108.66714862634066,normal
2475,76.54048742112356,109.32467741870309,110.096590818017,normal
2476,77.46671324307486,110.93837343087799,111.39828452833103,normal
2477,78.29887724550869,112.12232676120462,112.56777556840721,normal
2478,79.03412962038604,113.56124600947525,113.6010622991457,normal
2479,79.66995244080482,114.28755561171093,114.49460926965757,normal
2480,80.20416828382953,115.04993411921882,115.24535926351018,normal
2481,80.63494768723928,115.66103163516145,115.85074371293365,normal
2482,80.96081541465844,116.24753385101333,116.30869144661051,normal
2483,81.1806555076142,116.2665694006047,116.6176357422172,normal
2484,81.29371510722017,116.93434006319825,116.77651966051259,normal
2485,81.29960703239793,116.80023105743946,116.78479964343933,normal
2486,81.19831110580783,116.22098308125918,116.64244736442284,normal
2487,80.99017422294772,117.15175619781324,116.34994982479411,normal
2488,80.67590916418331,115.3776362954683,115.90830769602037,normal
2489,80.2565921537784,115.65271274951989,115.31903191318405,normal
2490,79.73365917428406,114.28038718075963,114.58413853089708,normal
2491,79.10890104890879,113.8792291088151,113.70614185855602,normal
2492,78.38445730871011,112.93127588227868,112.68804589752426,normal
2493,77.56280886560998,111.92305132572956,111.53333410845579,normal
2494,76.64676951632578,110.87761960744382,110.24595754253333,normal
2495,75.63947630631255,108.48825761668097,108.83032137587404,normal
2496,51.30083626629546,74.06066868985799,74.62119852569751,normal
2497,49.81249250595721,73.56428931525942,72.52904754268826,normal
2498,48.32463748463104,71.17228214885095,70.43756286116314,normal
2499,46.84114930221342,68.37194896748132,68.35219666008224,normal
2500,45.36589467641823,66.63451718086705,66.27838531581689,normal
2501,43.90271886416201,64.81743105454758,64.22153521546015,normal
2502,42.455435638886875,62.2591617529832,62.18700864735651,normal
2503,41.02781734994518,60.02779083345667,60.18010980598452,normal
2504,39.62358508995629,58.22167961328988,58.20607094802192,normal
2505,38.24639899576421,56.66281381347738,56.270038736013,normal
2506,36.89984870827667,54.417937734778654,54.3770608055488,normal
2507,35.5874440160521,52.03385841102461,52.53207259125987,normal
2508,34.31260570702223,51.09725848537984,50.73988444621472,normal
2509,33.07865665219487,48.293151807722836,49.005169088513945,normal
2510,31.888813144577924,47.041260973706216,47.332449407978274,normal
2511,30.746176515898945,46.292442983915755,45.726086664845056,normal
2512,29.653725052972103,44.325311927440694,44.190269111324845,normal
2513,28.614306234781935,42.86223004685748,42.72900106572063,normal
2514,27.63062931051837,41.42449506614969,41.34609246759181,normal
2515,26.70525823790809,40.52261679885924,40.04514894114913,normal
2516,25.84060500024882,38.84006112036649,38.82956239270541,normal
2517,25.038923319565498,36.893824340450834,37.70250216658027,normal
2518,24.302302782275017,36.804778771544285,36.66690678237318,normal
2519,23.632663392671112,34.43557305120449,35.72547627498033,normal
2520,23.031750568425696,34.02816153346587,34.88066515714194,normal
2521,22.50113059115097,34.84917770147268,34.13467602267338,normal
2522,22.042186523880257,33.96929782085215,33.48945380685755,normal
2523,21.656114606108837,32.77795215044491,32.94668071876567,normal
2524,21.343921135791057,32.506657547655756,32.50777185852932,normal
2525,21.106419846420827,32.241888574541164,32.173871530814914,normal
2526,20.944229786032075,32.40898960139191,31.945850263956014,normal
2527,20.857773703647645,31.521859104615146,31.824302542383226,normal
2528,20.847276947382326,31.46031044447556,31.809545258159876,normal
2529,20.91276687707213,31.661256823837725,31.901616885587984,normal
2530,21.054072792960756,32.1903442591554,32.100277380996864,normal
2531,21.270826380629174,32.549141965330506,32.40500880797129,normal
2532,21.562462671008596,32.675256232616704,32.81501668641857,normal
2533,21.928221512974538,33.687231943526534,33.329232062021084,normal
2534,22.36714955468369,33.53538660959544,33.946314290774446,normal
2535,22.87810272848918,34.66177290114039,34.66465453147583,normal
2536,23.459749232957392,35.21388766652448,35.482379937206765,normal
2537,24.110573004213542,35.99331068905086,36.397358535052966,normal
2538,24.828877667568044,37.96645098133678,37.40720478152508,normal
2539,25.61279095912376,38.40159320738825,38.50928577939212,normal
2540,26.46026960583914,39.29669561206268,39.7007281399187,normal
2541,27.369104651327333,41.025771374621726,40.97842547281203,normal
2542,28.33692721350956,41.93693335588328,42.3390464845385,normal
2543,29.361214659115493,44.0663024814427,43.77904366406873,normal
2544,30.439297178936698,45.691372840023426,45.294662533556476,normal
2545,31.56836474669471,47.35456290828814,46.88195143995725,normal
2546,32.74547444338539,48.110461540806874,48.536771862149564,normal
2547,33.967558128008804,50.221954319436215,50.254809206742415,normal
2548,35.231430434690665,52.8574198925325,52.03158406443789,normal
2549,36.5337970753509,53.800551092025856,53.86246389757518,normal
2550,37.871263426278205,56.31890034733331,55.742675128314715,normal
2551,39.24034337623006,58.35638973739792,57.667315595832974,normal
2552,40.63746841299523,59.06688254771865,59.63136734989254,normal
2553,42.05899692473469,62.18328070544303,61.62970974723503,normal
2554,43.50122369185706,64.01322332138778,63.65713281641587,normal
2555,44.9603895446877,66.11795492008159,65.70835085596705,normal
2556,46.432691161759394,68.53846859760694,67.77801623013671,normal
2557,47.914290983184344,70.09091066878442,69.86073332591464,normal
2558,49.401327213268885,72.01684173184053,71.95107263461877,normal
2559,50.889923886299144,74.33906304304173,74.04358492098176,normal
2560,58.783144859984645,85.91636336181499,85.13867420170769,normal
2561,58.22750414440022,84.16051895386818,84.3576604363004,normal
2562,57.652384302292226,83.81410812869942,83.54926307428053,normal
2563,57.05914696556919,82.88175238224495,82.7153957295866,normal
2564,56.449196660432236,81.93471703445879,81.85803234043057,normal
2565,55.8239774820721,81.05898579456715,80.9792024987066,normal
2566,55.18496967568424,80.14044948682945,80.08098664728968,normal
2567,54.53368613189644,78.4902758116029,79.16551115657191,normal
2568,53.87166880490642,78.03076025700481,78.23494329187749,normal
2569,53.20048506180958,77.83769255581986,77.29148608365956,normal
2570,52.521723971760174,75.92782050415326,76.33737311262061,normal
2571,51.83699254375149,74.95104082982814,75.37486322210287,normal
2572,51.14791192192235,75.34923473776075,74.40623517027436,normal
2573,50.456113547397784,73.98523858177326,73.43378223478304,normal
2574,49.76323529575095,73.1643243964391,72.45980678266974,normal
2575,49.07091759923111,71.51191926117737,71.48661481841576,normal
2576,48.380799562938435,70.66309013285537,70.51651052305803,normal
2577,47.69451508414109,69.91060694154774,69.5517907973287,normal
2578,47.01368898392199,68.86731893768028,68.5947398217683,normal
2579,46.339933160314104,67.63988458781547,67.64762364672455,normal
2580,45.674842772031894,66.11197057046749,66.71268482507953,normal
2581,45.019992461834036,65.5054775843775,65.79213710044647,normal
2582,44.376932628459,64.26750174513161,64.88816016344742,normal
2583,43.74718575595989,64.70869189943724,64.0028944885212,normal
2584,43.13224280912892,62.992933673700456,63.13843626351892,normal
2585,42.53355970354582,62.24535573328875,62.29683242412361,normal
2586,41.95255385860735,61.6280119096606,61.48007580488079,normal
2587,41.39060084169895,60.72235601650422,60.690100418347846,normal
2588,40.849031111453556,60.18039448631564,59.92877687356394,normal
2589,40.32912686780833,58.953364371333805,59.197907944711254,normal
2590,39.83211901631669,57.866706327297194,58.49922430047706,normal
2591,39.359184253903045,58.610850734208256,57.83438040424521,normal
2592,38.91144228295987,56.920608890795386,57.204950594836525,normal
2593,38.48995316038276,56.42938072097328,56.61242535708739,normal
2594,38.09571478782003,55.73694010976407,56.058207791104486,normal
2595,37.729660549078545,55.32813699025027,55.543610288558504,normal
2596,37.39265710027978,55.098126206395776,55.069851423889645,normal
2597,37.08550231799755,54.978564532834504,54.63805306778423,normal
2598,36.808923410235835,53.815407908233,54.24923772975565,normal
2599,36.56357519471863,54.04686115426845,53.90432613611755,normal
2600,36.350038548568385,53.33252496116595,53.6041350490795,normal
2601,36.168819033043384,53.88240688304375,53.349375332123714,normal
2602,36.0203456965901,52.62881876929827,53.14065026623725,normal
2603,35.90497005904436,53.03779321889388,52.97845412098114,normal
2604,35.82296527938635,53.18521564361428,52.86317098377391,normal
2605,35.77452550901975,52.227438458791504,52.795073850156506,normal
2606,35.75976543210627,52.83632541631104,52.77432397718915,normal
2607,35.77871999404377,52.87808838157061,52.80097050150725,normal
2608,35.83134431873086,52.54694482632011,52.87495032293956,normal
2609,35.917513814813844,52.9169053133907,52.996088253963265,normal
2610,36.03702447066451,53.60156189713683,53.16409743464284,normal
2611,36.189593337390306,53.49651965553589,53.37858001207246,normal
2612,36.37485919873336,53.47410808054048,53.63902808271588,normal
2613,36.59238342627244,53.86778235091544,53.944824895417405,normal
2614,36.84165101790292,54.4983194110761,54.295246312239954,normal
2615,37.12207181713623,55.243532279770164,54.68946252367729,normal
2616,37.43298191033195,55.477637699311316,55.12654001418453,normal
2617,37.773645198554526,55.92865614206099,55.605443773379704,normal
2618,38.143255140333224,56.80398675278574,56.12503974768521,normal
2619,38.54093666119904,56.0347105466003,56.68409752660952,normal
2620,38.965748225477846,56.677811419092194,57.28129325731211,normal
2621,39.41668406543451,56.95446286596178,57.91521278055229,normal
2622,39.892676562490344,58.94872816703169,58.58435498059732,normal
2623,40.39259877487643,58.31931105595355,59.28713534115577,normal
